2025-09-26 16:57:59,web,1,0.606,
2025-09-26 16:58:00,web,1,0.393,
2025-09-26 16:58:00,web,1,0.391,
2025-09-26 16:58:00,web,1,0.364,
2025-09-26 16:58:01,web,1,0.371,
2025-09-26 16:58:01,web,1,0.366,
2025-09-26 16:58:01,web,1,0.365,
2025-09-26 16:58:01,web,1,0.356,
2025-09-26 16:58:01,web,1,0.392,
2025-09-26 16:58:02,web,1,0.372,
2025-09-26 16:58:02,web,1,0.389,
2025-09-26 16:58:02,web,1,0.376,
2025-09-26 16:58:02,web,1,0.387,
2025-09-26 16:58:02,web,1,0.402,
2025-09-26 16:58:03,web,1,0.385,
2025-09-26 16:58:03,web,1,0.370,
2025-09-26 16:58:03,web,1,0.415,
2025-09-26 16:58:03,web,1,0.413,
2025-09-26 16:58:03,web,1,0.396,
2025-09-26 16:58:04,web,1,0.382,
2025-09-26 16:58:04,web,1,0.388,
2025-09-26 16:58:04,web,1,0.444,
2025-09-26 16:58:04,web,1,0.434,
2025-09-26 16:58:04,web,1,0.368,
2025-09-26 16:58:05,web,1,0.356,
2025-09-26 16:58:05,web,1,0.395,
2025-09-26 16:58:05,web,1,0.347,
2025-09-26 16:58:05,web,1,0.370,
2025-09-26 16:58:05,web,1,0.331,
2025-09-26 16:58:06,web,1,0.256,
2025-09-26 16:58:06,web,1,0.363,
2025-09-26 16:58:06,web,1,0.399,
2025-09-26 16:58:06,web,1,0.395,
2025-09-26 16:58:06,web,1,0.383,
2025-09-26 16:58:06,web,1,0.403,
2025-09-26 16:58:07,web,1,0.400,
2025-09-26 16:58:07,web,1,0.410,
2025-09-26 16:58:07,web,1,0.409,
2025-09-26 16:58:07,web,1,0.401,
2025-09-26 16:58:07,web,1,0.401,
2025-09-26 16:58:08,web,1,0.417,
2025-09-26 16:58:08,web,1,0.407,
2025-09-26 16:58:08,web,1,0.414,
2025-09-26 16:58:08,web,1,0.419,
2025-09-26 16:58:08,web,1,0.384,
2025-09-26 16:58:09,web,1,0.346,
2025-09-26 16:58:09,web,1,0.392,
2025-09-26 16:58:09,web,1,0.318,
2025-09-26 16:58:09,web,1,0.220,
2025-09-26 16:58:09,web,1,0.319,
2025-09-26 16:58:09,web,1,0.378,
2025-09-26 16:58:10,web,1,0.411,
2025-09-26 16:58:10,web,1,0.414,
2025-09-26 16:58:10,web,1,0.398,
2025-09-26 16:58:10,web,1,0.429,
2025-09-26 16:58:10,web,1,0.621,
2025-09-26 16:58:11,web,1,0.657,
2025-09-26 16:58:11,web,1,0.639,
2025-09-26 16:58:11,web,1,0.663,
2025-09-26 16:58:11,web,1,0.585,
2025-09-26 16:58:11,web,1,0.635,
2025-09-26 16:58:12,web,1,0.630,
2025-09-26 16:58:12,web,1,0.667,
2025-09-26 16:58:12,web,1,0.602,
2025-09-26 16:58:12,web,1,0.388,
2025-09-26 16:58:12,web,1,0.320,
2025-09-26 16:58:12,web,1,0.261,
2025-09-26 16:58:13,web,1,0.253,
2025-09-26 16:58:13,web,1,0.401,
2025-09-26 16:58:13,web,1,0.281,
2025-09-26 16:58:13,web,1,0.231,
2025-09-26 16:58:13,web,1,0.263,
2025-09-26 16:58:14,web,1,0.366,
2025-09-26 16:58:14,web,1,0.588,
2025-09-26 16:58:14,web,1,0.570,
2025-09-26 16:58:14,web,1,0.564,
2025-09-26 16:58:14,web,1,0.629,
2025-09-26 16:58:14,web,1,0.626,
2025-09-26 16:58:15,web,1,0.624,
2025-09-26 16:58:15,web,1,0.454,
2025-09-26 16:58:15,web,1,0.444,
2025-09-26 16:58:15,web,1,0.509,
2025-09-26 16:58:15,web,1,0.490,
2025-09-26 16:58:16,web,1,0.496,
2025-09-26 16:58:16,web,1,0.461,
2025-09-26 16:58:16,web,1,0.399,
2025-09-26 16:58:16,web,1,0.393,
2025-09-26 16:58:17,web,1,0.465,
2025-09-26 16:58:17,web,1,0.474,
2025-09-26 16:58:17,web,1,0.497,
2025-09-26 16:58:17,web,1,0.501,
2025-09-26 16:58:17,web,1,0.631,
2025-09-26 16:58:17,web,1,0.634,
2025-09-26 16:58:18,web,1,0.615,
2025-09-26 16:58:18,web,1,0.653,
2025-09-26 16:58:18,web,1,0.513,
2025-09-26 16:58:18,web,1,0.480,
2025-09-26 16:58:18,web,1,0.625,
2025-09-26 16:58:18,web,1,0.493,
2025-09-26 16:58:19,web,1,0.479,
2025-09-26 16:58:19,web,1,0.548,
2025-09-26 16:58:19,web,1,0.495,
2025-09-26 16:58:19,web,1,0.596,
2025-09-26 16:58:19,web,1,0.477,
2025-09-26 16:58:20,web,1,0.576,
2025-09-26 16:58:20,web,1,0.498,
2025-09-26 16:58:20,web,1,0.540,
2025-09-26 16:58:20,web,1,0.566,
2025-09-26 16:58:20,web,1,0.550,
2025-09-26 16:58:20,web,1,0.516,
2025-09-26 16:58:21,web,1,0.530,
2025-09-26 16:58:21,web,1,0.493,
2025-09-26 16:58:21,web,1,0.689,
2025-09-26 16:58:21,web,1,0.549,
2025-09-26 16:58:21,web,1,0.510,
2025-09-26 16:58:22,web,1,0.509,
2025-09-26 16:58:22,web,1,0.472,
2025-09-26 16:58:22,web,1,0.548,
2025-09-26 16:58:22,web,1,0.557,
2025-09-26 16:58:22,web,1,0.493,
2025-09-26 16:58:23,web,1,0.560,
2025-09-26 16:58:23,web,1,0.601,
2025-09-26 16:58:23,web,1,0.588,
2025-09-26 16:58:23,web,1,0.552,
2025-09-26 16:58:23,web,1,0.463,
2025-09-26 16:58:23,web,1,0.433,
2025-09-26 16:58:24,web,1,0.432,
2025-09-26 16:58:24,web,1,0.472,
2025-09-26 16:58:24,web,1,0.466,
2025-09-26 16:58:24,web,1,0.483,
2025-09-26 16:58:24,web,1,0.402,
2025-09-26 16:58:24,web,1,0.490,
2025-09-26 16:58:25,web,1,0.293,
2025-09-26 16:58:25,web,1,0.323,
2025-09-26 16:58:25,web,1,0.373,
2025-09-26 16:58:25,web,1,0.372,
2025-09-26 16:58:25,web,1,0.468,
2025-09-26 16:58:26,web,1,0.526,
2025-09-26 16:58:26,web,1,0.658,
2025-09-26 16:58:26,web,1,0.611,
2025-09-26 16:58:26,web,1,0.571,
2025-09-26 16:58:26,web,1,0.596,
2025-09-26 16:58:26,web,1,0.668,
2025-09-26 16:58:27,web,1,0.587,
2025-09-26 16:58:27,web,1,0.597,
2025-09-26 16:58:27,web,1,0.604,
2025-09-26 16:58:27,web,1,0.618,
2025-09-26 16:58:27,web,1,0.653,
2025-09-26 16:58:28,web,1,0.580,
2025-09-26 16:58:28,web,1,0.573,
2025-09-26 16:58:28,web,1,0.619,
2025-09-26 16:58:28,web,1,0.580,
2025-09-26 16:58:28,web,1,0.593,
2025-09-26 16:58:29,web,1,0.633,
2025-09-26 16:58:29,web,1,0.583,
2025-09-26 16:58:29,web,1,0.555,
2025-09-26 17:00:08,web,1,0.539,
2025-09-26 17:00:09,web,1,0.535,
2025-09-26 17:00:09,web,1,0.302,
2025-09-26 17:00:10,web,1,1.000,
2025-09-26 17:00:10,web,1,0.898,
2025-09-26 17:00:10,web,1,0.719,
2025-09-26 17:00:10,web,1,0.439,
2025-09-26 17:00:11,web,1,1.000,
2025-09-26 17:00:11,web,1,0.684,
2025-09-26 17:00:11,web,1,1.000,
2025-09-26 17:00:11,web,1,0.583,
2025-09-26 17:00:12,web,1,0.961,
2025-09-26 17:00:12,web,1,1.000,
2025-09-26 17:00:12,web,1,1.000,
2025-09-26 17:00:13,web,1,1.000,
2025-09-26 17:00:13,web,1,1.000,
2025-09-26 17:00:13,web,1,1.000,
2025-09-26 17:00:14,web,1,1.000,
2025-09-26 17:00:14,web,1,1.000,
2025-09-26 17:00:14,web,1,1.000,
2025-09-26 17:00:15,web,1,1.000,
2025-09-26 17:00:15,web,1,1.000,
2025-09-26 17:00:15,web,1,1.000,
2025-09-26 17:00:16,web,1,1.000,
2025-09-26 17:00:16,web,1,1.000,
2025-09-26 17:00:16,web,1,1.000,
2025-09-26 17:00:16,web,1,1.000,
2025-09-26 17:00:17,web,1,1.000,
2025-09-26 17:00:17,web,1,1.000,
2025-09-26 17:00:17,web,1,1.000,
2025-09-26 17:00:18,web,1,1.000,
2025-09-26 17:00:18,web,1,1.000,
2025-09-26 17:00:18,web,1,1.000,
2025-09-26 17:00:18,web,1,1.000,
2025-09-26 17:00:19,web,1,1.000,
2025-09-26 17:00:19,web,1,1.000,
2025-09-26 17:00:19,web,1,1.000,
2025-09-26 17:00:20,web,1,1.000,
2025-09-26 17:00:20,web,1,1.000,
2025-09-26 17:00:20,web,0,0.000,
2025-09-26 17:00:20,web,1,0.848,
2025-09-26 17:00:20,web,1,1.000,
2025-09-26 17:00:21,web,1,1.000,
2025-09-26 17:00:21,web,1,1.000,
2025-09-26 17:00:21,web,0,0.000,
2025-09-26 17:00:22,web,0,0.000,
2025-09-26 17:00:22,web,0,0.000,
2025-09-26 17:00:22,web,0,0.000,
2025-09-26 17:00:23,web,0,0.000,
2025-09-26 17:00:23,web,0,0.000,
2025-09-26 17:00:24,web,0,0.000,
2025-09-26 17:00:24,web,0,0.000,
2025-09-26 17:00:24,web,0,0.000,
2025-09-26 17:00:24,web,0,0.000,
2025-09-26 17:00:24,web,0,0.000,
2025-09-26 17:00:25,web,0,0.000,
2025-09-26 17:00:25,web,0,0.000,
2025-09-26 17:00:25,web,0,0.000,
2025-09-26 17:00:25,web,0,0.000,
2025-09-26 17:00:26,web,0,0.000,
2025-09-26 17:00:26,web,0,0.000,
2025-09-26 17:00:26,web,0,0.000,
2025-09-26 17:00:27,web,0,0.000,
2025-09-26 17:00:27,web,0,0.000,
2025-09-26 17:00:27,web,0,0.000,
2025-09-26 17:00:27,web,0,0.000,
2025-09-26 17:00:28,web,0,0.000,
2025-09-26 17:00:28,web,0,0.000,
2025-09-26 17:00:28,web,0,0.000,
2025-09-26 17:00:28,web,0,0.000,
2025-09-26 17:00:29,web,0,0.000,
2025-09-26 17:00:29,web,0,0.000,
2025-09-26 17:00:29,web,0,0.000,
2025-09-26 17:00:29,web,0,0.000,
2025-09-26 17:00:30,web,0,0.000,
2025-09-26 17:00:30,web,0,0.000,
2025-09-26 17:00:30,web,0,0.000,
2025-09-26 17:00:30,web,0,0.000,
2025-09-26 17:00:30,web,0,0.000,
2025-09-26 17:00:31,web,0,0.000,
2025-09-26 17:00:31,web,0,0.000,
2025-09-26 17:00:31,web,0,0.000,
2025-09-26 17:00:31,web,0,0.000,
2025-09-26 17:00:32,web,0,0.000,
2025-09-26 17:00:32,web,0,0.000,
2025-09-26 17:00:32,web,0,0.000,
2025-09-26 17:00:32,web,0,0.000,
2025-09-26 17:00:32,web,0,0.000,
2025-09-26 17:00:33,web,0,0.000,
2025-09-26 17:00:33,web,0,0.000,
2025-09-26 17:00:33,web,0,0.000,
2025-09-26 17:00:33,web,0,0.000,
2025-09-26 17:00:33,web,0,0.000,
2025-09-26 17:00:34,web,0,0.000,
2025-09-26 17:00:34,web,0,0.000,
2025-09-26 17:00:34,web,0,0.000,
2025-09-26 17:00:34,web,0,0.000,
2025-09-26 17:00:34,web,0,0.000,
2025-09-26 17:00:35,web,0,0.000,
2025-09-26 17:00:35,web,0,0.000,
2025-09-26 17:00:35,web,0,0.000,
2025-09-26 17:00:36,web,0,0.000,
2025-09-26 17:00:36,web,0,0.000,
2025-09-26 17:00:36,web,0,0.000,
2025-09-26 17:00:37,web,1,1.000,
2025-09-26 17:00:37,web,0,0.000,
2025-09-26 17:00:37,web,0,0.000,
2025-09-26 17:00:37,web,0,0.000,
2025-09-26 17:00:38,web,1,0.173,
2025-09-26 17:00:38,web,1,0.151,
2025-09-26 17:00:39,web,0,0.000,
2025-09-26 17:00:39,web,1,0.245,
2025-09-26 17:00:39,web,1,0.176,
2025-09-26 17:00:39,web,1,0.123,
2025-09-26 17:00:40,web,1,0.150,
2025-09-26 17:00:40,web,1,0.105,
2025-09-26 17:00:40,web,1,0.121,
2025-09-26 17:00:40,web,1,0.154,
2025-09-26 17:00:41,web,1,0.184,
2025-09-26 17:00:41,web,1,0.203,
2025-09-26 17:00:41,web,1,0.226,
2025-09-26 17:00:41,web,1,0.230,
2025-09-26 17:00:42,web,1,0.228,
2025-09-26 17:00:42,web,1,0.235,
2025-09-26 17:00:42,web,1,0.234,
2025-09-26 17:00:42,web,0,0.000,
2025-09-26 17:00:43,web,1,0.397,
2025-09-26 17:00:43,web,1,0.409,
2025-09-26 17:00:43,web,1,0.681,
2025-09-26 17:00:44,web,1,0.654,
2025-09-26 17:00:44,web,1,0.553,
2025-09-26 17:00:44,web,1,0.951,
2025-09-26 17:00:44,web,1,0.481,
2025-09-26 17:00:45,web,1,1.000,
2025-09-26 17:00:45,web,1,0.779,
2025-09-26 17:00:45,web,1,0.933,
2025-09-26 17:00:45,web,1,1.000,
2025-09-26 17:00:45,web,1,1.000,
2025-09-26 17:00:46,web,1,0.514,
2025-09-26 17:00:46,web,1,1.000,
2025-09-26 17:00:46,web,1,1.000,
2025-09-26 17:00:46,web,1,1.000,
2025-09-26 17:00:47,web,1,1.000,
2025-09-26 17:00:47,web,1,1.000,
2025-09-26 17:00:47,web,1,1.000,
2025-09-26 17:00:47,web,1,1.000,
2025-09-26 17:00:48,web,1,1.000,
2025-09-26 17:00:48,web,1,1.000,
2025-09-26 17:00:48,web,1,0.895,
2025-09-26 17:00:48,web,1,0.837,
2025-09-26 17:00:49,web,0,0.000,
2025-09-26 17:00:49,web,0,0.000,
2025-09-26 17:00:49,web,0,0.000,
2025-09-26 17:00:49,web,0,0.000,
2025-09-26 17:00:49,web,0,0.000,
2025-09-26 17:00:50,web,0,0.000,
2025-09-26 17:00:50,web,0,0.000,
2025-09-26 17:00:50,web,0,0.000,
2025-09-26 17:00:50,web,0,0.000,
2025-09-26 17:00:51,web,0,0.000,
2025-09-26 17:00:51,web,0,0.000,
2025-09-26 17:00:51,web,0,0.000,
2025-09-26 17:00:51,web,0,0.000,
2025-09-26 17:00:52,web,0,0.000,
2025-09-26 17:00:52,web,0,0.000,
2025-09-26 17:00:52,web,0,0.000,
2025-09-26 17:00:52,web,0,0.000,
2025-09-26 17:00:52,web,0,0.000,
2025-09-26 17:00:53,web,0,0.000,
2025-09-26 17:00:53,web,0,0.000,
2025-09-26 17:00:53,web,0,0.000,
2025-09-26 17:00:53,web,0,0.000,
2025-09-26 17:00:53,web,0,0.000,
2025-09-26 17:00:54,web,0,0.000,
2025-09-26 17:00:54,web,0,0.000,
2025-09-26 17:00:54,web,0,0.000,
2025-09-26 17:00:54,web,0,0.000,
2025-09-26 17:00:55,web,0,0.000,
2025-09-26 17:00:55,web,0,0.000,
2025-09-26 17:00:55,web,0,0.000,
2025-09-26 17:00:56,web,0,0.000,
2025-09-26 17:00:56,web,0,0.000,
2025-09-26 17:00:56,web,0,0.000,
2025-09-26 17:00:56,web,0,0.000,
2025-09-26 17:00:56,web,0,0.000,
2025-09-26 17:00:57,web,0,0.000,
2025-09-26 17:00:57,web,0,0.000,
2025-09-26 17:00:57,web,0,0.000,
2025-09-26 17:00:57,web,0,0.000,
2025-09-26 17:00:58,web,0,0.000,
2025-09-26 17:00:58,web,0,0.000,
2025-09-26 17:00:58,web,0,0.000,
2025-09-26 17:00:58,web,0,0.000,
2025-09-26 17:00:59,web,0,0.000,
2025-09-26 17:00:59,web,0,0.000,
2025-09-26 17:00:59,web,0,0.000,
2025-09-26 17:00:59,web,0,0.000,
2025-09-26 17:00:59,web,0,0.000,
2025-09-26 17:01:00,web,0,0.000,
2025-09-26 17:01:00,web,0,0.000,
2025-09-26 17:01:00,web,0,0.000,
2025-09-26 17:01:01,web,0,0.000,
2025-09-26 17:01:01,web,0,0.000,
2025-09-26 17:01:02,web,0,0.000,
2025-09-26 17:01:02,web,1,0.781,
2025-09-26 17:01:02,web,0,0.000,
2025-09-26 17:01:02,web,1,0.130,
2025-09-26 17:01:03,web,1,0.137,
2025-09-26 17:01:03,web,1,0.141,
2025-09-26 17:01:03,web,1,0.191,
2025-09-26 17:01:03,web,1,0.160,
2025-09-26 17:01:04,web,1,0.167,
2025-09-26 17:01:04,web,1,0.166,
2025-09-26 17:01:04,web,1,0.186,
2025-09-26 17:01:04,web,1,0.176,
2025-09-26 17:01:04,web,1,0.172,
2025-09-26 17:01:05,web,1,0.159,
2025-09-26 17:01:05,web,1,0.162,
2025-09-26 17:01:05,web,1,0.156,
2025-09-26 17:01:05,web,1,0.152,
2025-09-26 17:01:05,web,1,0.184,
2025-09-26 17:01:06,web,1,0.220,
2025-09-26 17:01:06,web,0,0.000,
2025-09-26 17:01:06,web,1,0.306,
2025-09-26 17:01:06,web,1,0.265,
2025-09-26 17:01:07,web,1,1.000,
2025-09-26 17:01:07,web,1,0.874,
2025-09-26 17:01:07,web,1,0.902,
2025-09-26 17:01:07,web,1,1.000,
2025-09-26 17:01:08,web,1,1.000,
2025-09-26 17:01:08,web,0,0.000,
2025-09-26 17:01:08,web,0,0.000,
2025-09-26 17:01:08,web,0,0.000,
2025-09-26 17:01:09,web,0,0.000,
2025-09-26 17:06:12,web,1,0.855,
2025-09-26 17:06:13,web,1,0.837,
2025-09-26 17:06:13,web,1,0.953,
2025-09-26 17:06:13,web,1,0.570,
2025-09-26 17:06:14,web,1,1.000,
2025-09-26 17:06:14,web,1,1.000,
2025-09-26 17:06:14,web,1,1.000,
2025-09-26 17:06:15,web,1,0.901,
2025-09-26 17:06:15,web,1,0.623,
2025-09-26 17:06:15,web,1,0.623,
2025-09-26 17:06:15,web,1,1.000,
2025-09-26 17:06:16,web,1,1.000,
2025-09-26 17:06:16,web,1,1.000,
2025-09-26 17:06:16,web,1,1.000,
2025-09-26 17:06:17,web,1,1.000,
2025-09-26 17:06:17,web,1,1.000,
2025-09-26 17:06:17,web,1,1.000,
2025-09-26 17:06:17,web,1,1.000,
2025-09-26 17:06:17,web,1,1.000,
2025-09-26 17:06:18,web,1,1.000,
2025-09-26 17:06:18,web,1,1.000,
2025-09-26 17:06:18,web,1,1.000,
2025-09-26 17:06:19,web,1,1.000,
2025-09-26 17:06:19,web,1,1.000,
2025-09-26 17:06:19,web,1,1.000,
2025-09-26 17:06:19,web,1,1.000,
2025-09-26 17:06:20,web,1,1.000,
2025-09-26 17:06:20,web,1,1.000,
2025-09-26 17:06:20,web,1,1.000,
2025-09-26 17:06:20,web,1,1.000,
2025-09-26 17:06:20,web,1,1.000,
2025-09-26 17:06:21,web,1,1.000,
2025-09-26 17:06:21,web,1,1.000,
2025-09-26 17:06:21,web,1,1.000,
2025-09-26 17:06:21,web,1,1.000,
2025-09-26 17:06:22,web,1,1.000,
2025-09-26 17:06:22,web,1,1.000,
2025-09-26 17:06:22,web,1,1.000,
2025-09-26 17:06:22,web,1,1.000,
2025-09-26 17:06:23,web,1,0.521,
2025-09-26 17:06:23,web,1,0.572,
2025-09-26 17:06:23,web,1,0.554,
2025-09-26 17:06:23,web,1,0.455,
2025-09-26 17:06:23,web,1,0.704,
2025-09-26 17:06:24,web,1,0.632,
2025-09-26 17:06:24,web,1,1.000,
2025-09-26 17:06:24,web,1,1.000,
2025-09-26 17:06:24,web,1,0.911,
2025-09-26 17:06:25,web,1,1.000,
2025-09-26 17:06:25,web,1,1.000,
2025-09-26 17:06:25,web,1,1.000,
2025-09-26 17:06:25,web,1,1.000,
2025-09-26 17:06:26,web,1,1.000,
2025-09-26 17:06:26,web,1,1.000,
2025-09-26 17:06:26,web,1,1.000,
2025-09-26 17:06:26,web,1,1.000,
2025-09-26 17:06:27,web,1,1.000,
2025-09-26 17:06:27,web,1,1.000,
2025-09-26 17:06:27,web,1,0.529,
2025-09-26 17:06:27,web,1,1.000,
2025-09-26 17:06:28,web,1,1.000,
2025-09-26 17:06:28,web,1,1.000,
2025-09-26 17:06:28,web,1,1.000,
2025-09-26 17:06:28,web,1,1.000,
2025-09-26 17:06:29,web,1,1.000,
2025-09-26 17:06:29,web,1,0.883,
2025-09-26 17:06:29,web,1,0.570,
2025-09-26 17:06:29,web,1,0.485,
2025-09-26 17:06:30,web,1,0.451,
2025-09-26 17:06:30,web,1,0.508,
2025-09-26 17:06:30,web,1,1.000,
2025-09-26 17:06:30,web,1,0.944,
2025-09-26 17:06:30,web,1,1.000,
2025-09-26 17:06:31,web,1,1.000,
2025-09-26 17:06:31,web,1,1.000,
2025-09-26 17:06:32,web,1,1.000,
2025-09-26 17:06:32,web,1,1.000,
2025-09-26 17:06:32,web,1,1.000,
2025-09-26 17:06:32,web,1,1.000,
2025-09-26 17:06:33,web,1,1.000,
2025-09-26 17:06:33,web,1,1.000,
2025-09-26 17:06:33,web,1,1.000,
2025-09-26 17:06:33,web,1,1.000,
2025-09-26 17:06:34,web,1,1.000,
2025-09-26 17:06:34,web,1,1.000,
2025-09-26 17:06:34,web,1,1.000,
2025-09-26 17:06:34,web,1,1.000,
2025-09-26 17:06:35,web,1,1.000,
2025-09-26 17:06:35,web,1,1.000,
2025-09-26 17:06:35,web,1,1.000,
2025-09-26 17:06:35,web,1,1.000,
2025-09-26 17:06:35,web,1,1.000,
2025-09-26 17:06:36,web,1,1.000,
2025-09-26 17:06:36,web,1,1.000,
2025-09-26 17:06:36,web,1,1.000,
2025-09-26 17:06:37,web,1,1.000,
2025-09-26 17:06:37,web,1,1.000,
2025-09-26 17:06:37,web,1,1.000,
2025-09-26 17:06:38,web,1,1.000,
2025-09-26 17:06:38,web,1,1.000,
2025-09-26 17:06:38,web,1,0.775,
2025-09-26 17:06:39,web,1,1.000,
2025-09-26 17:06:39,web,1,0.959,
2025-09-26 17:06:39,web,1,0.384,
2025-09-26 17:06:39,web,1,0.867,
2025-09-26 17:06:39,web,1,1.000,
2025-09-26 17:06:40,web,1,0.804,
2025-09-26 17:06:40,web,1,1.000,
2025-09-26 17:06:40,web,0,0.000,
2025-09-26 17:06:40,web,0,0.000,
2025-09-26 17:06:41,web,0,0.000,
2025-09-26 17:06:41,web,0,0.000,
2025-09-26 17:06:41,web,0,0.000,
2025-09-26 17:06:41,web,0,0.000,
2025-09-26 17:06:42,web,0,0.000,
2025-09-26 17:06:42,web,0,0.000,
2025-09-26 17:06:42,web,0,0.000,
2025-09-26 17:06:42,web,0,0.000,
2025-09-26 17:06:42,web,0,0.000,
2025-09-26 17:06:43,web,0,0.000,
2025-09-26 17:06:43,web,0,0.000,
2025-09-26 17:06:43,web,0,0.000,
2025-09-26 17:06:43,web,0,0.000,
2025-09-29 15:47:49,web,1,0.361,
2025-09-29 15:47:49,web,1,0.491,
2025-09-29 15:47:50,web,1,0.513,
2025-09-29 15:47:50,web,1,0.529,
2025-09-29 15:47:50,web,1,0.503,
2025-09-29 15:47:50,web,1,0.528,
2025-09-29 15:47:50,web,1,0.542,
2025-09-29 15:47:51,web,1,0.538,
2025-09-29 15:47:51,web,1,0.513,
2025-09-29 15:47:51,web,1,0.516,
2025-09-29 15:47:51,web,1,0.494,
2025-09-29 15:47:51,web,1,0.534,
2025-09-29 15:47:51,web,1,0.525,
2025-09-29 15:47:52,web,1,0.532,
2025-09-29 15:47:52,web,1,0.547,
2025-09-29 15:47:52,web,1,0.401,
2025-09-29 15:47:52,web,1,0.441,
2025-09-29 15:47:52,web,1,0.444,
2025-09-29 15:47:52,web,1,0.288,
2025-09-29 15:47:53,web,1,0.307,
2025-09-29 15:47:53,web,1,0.308,
2025-09-29 15:47:53,web,1,0.343,
2025-09-29 15:47:53,web,1,0.291,
2025-09-29 15:47:53,web,1,0.346,
2025-09-29 15:47:54,web,1,0.447,
2025-09-29 15:47:54,web,1,0.467,
2025-09-29 15:47:54,web,1,0.473,
2025-09-29 15:47:54,web,1,0.419,
2025-09-29 15:47:54,web,1,0.331,
2025-09-29 15:47:54,web,1,0.398,
2025-09-29 15:47:55,web,1,0.451,
2025-09-29 15:47:55,web,1,0.443,
2025-09-29 15:47:55,web,1,0.460,
2025-09-29 15:47:55,web,1,0.542,
2025-09-29 15:47:55,web,1,0.572,
2025-09-29 15:47:55,web,1,0.612,
2025-09-29 15:47:56,web,1,0.672,
2025-09-29 15:47:56,web,1,0.614,
2025-09-29 15:47:56,web,1,0.640,
2025-09-29 15:47:56,web,1,0.600,
2025-09-29 15:47:56,web,1,0.596,
2025-09-29 15:47:57,web,1,0.580,
2025-09-29 15:47:57,web,1,0.567,
2025-09-29 15:47:57,web,1,0.578,
2025-09-29 15:47:57,web,1,0.564,
2025-09-29 15:47:57,web,1,0.517,
2025-09-29 15:47:57,web,1,0.363,
2025-09-29 15:47:58,web,1,0.294,
2025-09-29 15:47:58,web,1,0.312,
2025-09-29 15:47:58,web,1,0.260,
2025-09-29 15:47:58,web,1,0.275,
2025-09-29 15:47:58,web,2,0.435,
2025-09-29 15:47:59,web,2,0.588,
2025-09-29 15:47:59,web,1,0.367,
2025-09-29 15:47:59,web,1,0.350,
2025-09-29 15:47:59,web,1,0.330,
2025-09-29 15:47:59,web,2,0.438,
2025-09-29 15:47:59,web,2,0.456,
2025-09-29 15:48:00,web,2,0.518,
2025-09-29 15:48:00,web,2,0.468,
2025-09-29 15:48:00,web,2,0.521,
2025-09-29 15:48:00,web,1,0.359,
2025-09-29 15:48:00,web,1,0.364,
2025-09-29 15:48:01,web,1,0.369,
2025-09-29 15:48:01,web,1,0.366,
2025-09-29 15:48:01,web,1,0.364,
2025-09-29 15:48:01,web,1,0.355,
2025-09-29 15:48:01,web,1,0.348,
2025-09-29 15:48:01,web,1,0.345,
2025-09-29 15:48:02,web,1,0.344,
2025-09-29 15:48:02,web,1,0.274,
2025-09-29 15:48:02,web,1,0.297,
2025-09-29 15:48:02,web,1,0.312,
2025-09-29 15:48:02,web,1,0.298,
2025-09-29 15:48:03,web,1,0.351,
2025-09-29 15:48:03,web,1,0.370,
2025-09-29 15:48:03,web,1,0.295,
2025-09-29 15:48:03,web,1,0.302,
2025-09-29 15:48:03,web,1,0.311,
2025-09-29 15:48:03,web,1,0.289,
2025-09-29 15:48:04,web,1,0.309,
2025-09-29 15:48:04,web,1,0.208,
2025-09-29 15:48:04,web,1,0.229,
2025-09-29 15:48:04,web,1,0.321,
2025-09-29 15:48:04,web,1,0.464,
2025-09-29 15:48:05,web,1,0.404,
2025-09-29 15:48:05,web,1,0.510,
2025-09-29 15:48:05,web,1,0.472,
2025-09-29 15:48:05,web,1,0.501,
2025-09-29 15:48:05,web,1,0.553,
2025-09-29 15:48:05,web,1,0.599,
2025-09-29 15:48:06,web,1,0.591,
2025-09-29 15:48:06,web,1,0.681,
2025-09-29 15:48:06,web,1,0.573,
2025-09-29 15:48:06,web,1,0.466,
2025-09-29 15:48:06,web,1,0.569,
2025-09-29 15:48:06,web,1,0.634,
2025-09-29 15:48:07,web,1,0.622,
2025-09-29 15:48:07,web,1,0.634,
2025-09-29 15:48:07,web,1,0.605,
2025-09-29 15:48:07,web,1,0.621,
2025-09-29 15:48:07,web,1,0.570,
2025-09-29 15:48:08,web,1,0.455,
2025-09-29 15:48:08,web,1,0.466,
2025-09-29 15:48:08,web,1,0.540,
2025-09-29 15:48:08,web,1,0.542,
2025-09-29 15:48:08,web,1,0.536,
2025-09-29 15:48:08,web,1,0.482,
2025-09-29 15:48:09,web,1,0.396,
2025-09-29 15:48:09,web,1,0.407,
2025-09-29 15:48:09,web,1,0.581,
2025-09-29 15:48:09,web,1,0.410,
2025-09-29 15:48:09,web,1,0.474,
2025-09-29 15:48:09,web,1,0.391,
2025-09-29 15:48:10,web,1,0.385,
2025-09-29 15:48:10,web,1,0.464,
2025-09-29 15:48:10,web,1,0.456,
2025-09-29 15:48:10,web,1,0.360,
2025-09-29 15:48:10,web,1,0.273,
2025-09-29 15:48:10,web,1,0.253,
2025-09-29 15:48:11,web,1,0.255,
2025-09-29 15:48:11,web,1,0.299,
2025-09-29 15:48:11,web,1,0.306,
2025-09-29 15:48:11,web,1,0.303,
2025-09-29 15:48:11,web,1,0.309,
2025-09-29 15:48:12,web,1,0.310,
2025-09-29 15:48:12,web,1,0.273,
2025-09-29 15:48:12,web,1,0.439,
2025-09-29 15:48:12,web,1,0.436,
2025-09-29 15:48:12,web,1,0.445,
2025-09-29 15:48:12,web,1,0.433,
2025-09-29 15:48:13,web,1,0.430,
2025-09-29 15:48:13,web,1,0.304,
2025-09-29 15:48:13,web,1,0.252,
2025-09-29 15:48:13,web,1,0.339,
2025-09-29 15:48:13,web,1,0.517,
2025-09-29 15:48:14,web,1,0.564,
2025-09-29 15:48:14,web,1,0.600,
2025-09-29 15:48:14,web,1,0.623,
2025-09-29 15:48:14,web,1,0.584,
2025-09-29 15:48:14,web,1,0.577,
2025-09-29 15:48:14,web,1,0.601,
2025-09-29 15:48:15,web,1,0.603,
2025-09-29 15:48:15,web,1,0.632,
2025-09-29 15:48:15,web,1,0.605,
2025-09-29 15:48:15,web,1,0.631,
2025-09-29 15:48:15,web,1,0.580,
2025-09-29 15:48:15,web,1,0.635,
2025-09-29 15:48:16,web,1,0.624,
2025-09-29 15:48:16,web,1,0.624,
2025-09-29 15:48:16,web,1,0.628,
2025-09-29 15:48:16,web,1,0.603,
2025-09-29 15:48:16,web,1,0.593,
2025-09-29 15:48:16,web,1,0.615,
2025-09-29 15:48:17,web,1,0.628,
2025-09-29 15:48:17,web,1,0.600,
2025-09-29 15:48:17,web,1,0.591,
2025-09-29 15:48:17,web,1,0.576,
2025-09-29 15:48:17,web,1,0.638,
2025-09-29 15:48:18,web,1,0.599,
2025-09-29 15:48:18,web,1,0.607,
2025-09-29 15:48:18,web,1,0.622,
2025-09-29 15:48:18,web,1,0.568,
2025-09-29 15:48:18,web,1,0.552,
2025-09-29 15:48:18,web,1,0.580,
2025-09-29 15:48:19,web,1,0.548,
2025-09-29 15:48:19,web,1,0.574,
2025-09-29 15:48:19,web,1,0.583,
2025-09-29 15:48:19,web,1,0.633,
2025-09-29 15:48:19,web,1,0.634,
2025-09-29 15:48:19,web,1,0.611,
2025-09-29 15:48:20,web,1,0.582,
2025-09-29 15:48:20,web,1,0.562,
2025-09-29 15:56:04,web,1,0.464,
2025-09-29 15:56:05,web,1,0.497,
2025-09-29 15:56:05,web,1,0.523,
2025-09-29 15:56:05,web,1,0.566,
2025-09-29 15:56:05,web,1,0.483,
2025-09-29 15:56:05,web,1,0.561,
2025-09-29 15:56:05,web,1,0.493,
2025-09-29 15:56:06,web,1,0.456,
2025-09-29 15:56:06,web,1,0.517,
2025-09-29 15:56:06,web,1,0.524,
2025-09-29 15:56:06,web,1,0.530,
2025-09-29 15:56:06,web,1,0.541,
2025-09-29 15:56:07,web,1,0.561,
2025-09-29 15:56:07,web,1,0.546,
2025-09-29 15:56:07,web,1,0.537,
2025-09-29 15:56:07,web,1,0.540,
2025-09-29 15:56:07,web,1,0.551,
2025-09-29 15:56:07,web,1,0.533,
2025-09-29 16:01:53,web,1,0.333,
2025-09-29 16:01:53,web,1,0.284,
2025-09-29 16:01:53,web,1,0.286,
2025-09-29 16:01:54,web,1,0.286,
2025-09-29 16:01:54,web,1,0.282,
2025-09-29 16:01:54,web,1,0.296,
2025-09-29 16:01:54,web,1,0.305,
2025-09-29 16:01:54,web,1,0.333,
2025-09-29 16:01:54,web,1,0.401,
2025-09-29 16:01:55,web,1,0.380,
2025-09-29 16:01:55,web,1,0.329,
2025-09-29 16:01:55,web,1,0.334,
2025-09-29 16:01:55,web,1,0.330,
2025-09-29 16:01:55,web,1,0.253,
2025-09-29 16:01:55,web,1,0.307,
2025-09-29 16:01:56,web,1,0.251,
2025-09-29 16:01:56,web,1,0.231,
2025-09-29 16:01:56,web,1,0.303,
2025-09-29 16:01:56,web,1,0.360,
2025-09-29 16:01:56,web,1,0.268,
2025-09-29 16:01:57,web,1,0.243,
2025-09-29 16:01:57,web,1,0.251,
2025-09-29 16:01:57,web,1,0.271,
2025-09-29 16:01:57,web,1,0.342,
2025-09-29 16:01:57,web,1,0.379,
2025-09-29 16:01:57,web,1,0.392,
2025-09-29 16:01:58,web,1,0.354,
2025-09-29 16:01:58,web,1,0.330,
2025-09-29 16:01:58,web,1,0.349,
2025-09-29 16:01:58,web,1,0.240,
2025-09-29 16:01:58,web,1,0.285,
2025-09-29 16:01:59,web,1,0.367,
2025-09-29 16:01:59,web,1,0.314,
2025-09-29 16:01:59,web,1,0.274,
2025-09-29 16:01:59,web,1,0.312,
2025-09-29 16:01:59,web,1,0.322,
2025-09-29 16:01:59,web,1,0.375,
2025-09-29 16:02:00,web,1,0.312,
2025-09-29 16:02:00,web,1,0.342,
2025-09-29 16:02:00,web,1,0.347,
2025-09-29 16:02:00,web,1,0.328,
2025-09-29 16:02:00,web,1,0.333,
2025-09-29 16:02:01,web,1,0.351,
2025-09-29 16:04:35,web,1,0.254,
2025-09-29 16:04:35,web,1,0.292,
2025-09-29 16:04:35,web,1,0.204,
2025-09-29 16:04:35,web,1,0.186,
2025-09-29 16:04:35,web,1,0.209,
2025-09-29 16:04:36,web,1,0.311,
2025-09-29 16:04:36,web,1,0.351,
2025-09-29 16:04:36,web,1,0.285,
2025-09-29 16:04:36,web,1,0.214,
2025-09-29 16:04:36,web,1,0.252,
2025-09-29 16:04:36,web,1,0.269,
2025-09-29 16:04:37,web,1,0.286,
2025-09-29 16:04:37,web,1,0.287,
2025-09-29 16:04:37,web,1,0.256,
2025-09-29 16:04:37,web,1,0.281,
2025-09-29 16:04:37,web,1,0.274,
2025-09-29 16:04:37,web,1,0.289,
2025-09-29 16:04:38,web,1,0.242,
2025-09-29 16:04:38,web,1,0.309,
2025-09-29 16:04:38,web,1,0.322,
2025-09-29 16:04:38,web,1,0.279,
2025-09-29 16:04:38,web,1,0.311,
2025-09-29 16:04:39,web,1,0.235,
2025-09-29 16:04:39,web,1,0.325,
2025-09-29 16:04:39,web,1,0.312,
2025-09-29 16:04:44,web,1,0.368,
2025-09-29 16:04:44,web,1,0.422,
2025-09-29 16:04:44,web,1,0.407,
2025-09-29 16:04:44,web,1,0.356,
2025-09-29 16:04:44,web,1,0.457,
2025-09-29 16:04:45,web,1,0.401,
2025-09-29 16:04:45,web,1,0.415,
2025-09-29 16:04:45,web,1,0.398,
2025-09-29 16:04:45,web,1,0.381,
2025-09-29 16:04:45,web,1,0.392,
2025-09-29 16:04:45,web,1,0.403,
2025-09-29 16:04:46,web,1,0.392,
2025-09-29 16:04:46,web,1,0.383,
2025-09-29 16:04:46,web,1,0.374,
2025-09-29 16:04:46,web,1,0.432,
2025-09-29 16:04:46,web,1,0.402,
2025-09-29 16:04:46,web,1,0.424,
2025-09-29 16:04:47,web,1,0.419,
2025-09-29 16:04:47,web,1,0.424,
2025-09-29 16:04:47,web,1,0.386,
2025-09-29 16:04:47,web,1,0.419,
2025-09-29 16:04:47,web,1,0.403,
2025-09-29 16:04:48,web,1,0.383,
2025-09-29 16:04:48,web,1,0.399,
2025-09-29 16:04:48,web,1,0.390,
2025-09-29 16:04:48,web,1,0.426,
2025-09-29 16:04:48,web,1,0.418,
2025-09-29 16:04:48,web,1,0.340,
2025-09-29 16:04:49,web,1,0.404,
2025-09-29 16:04:49,web,1,0.383,
2025-09-29 16:04:49,web,1,0.406,
2025-09-29 16:04:49,web,1,0.392,
2025-09-29 16:04:49,web,1,0.487,
2025-09-29 16:04:50,web,1,0.416,
2025-09-29 16:04:50,web,1,0.362,
2025-09-29 16:04:50,web,1,0.365,
2025-09-29 16:04:50,web,1,0.386,
2025-09-29 16:04:50,web,1,0.379,
2025-09-29 16:04:50,web,1,0.402,
2025-09-29 16:04:51,web,1,0.374,
2025-09-29 16:04:51,web,1,0.366,
2025-09-29 16:04:51,web,1,0.371,
2025-09-29 16:04:51,web,1,0.405,
2025-09-29 16:04:51,web,1,0.399,
2025-09-29 16:04:51,web,1,0.414,
2025-09-29 16:04:52,web,1,0.398,
2025-09-29 16:04:52,web,1,0.377,
2025-09-29 16:04:52,web,1,0.392,
2025-09-29 16:04:52,web,1,0.369,
2025-09-29 16:04:52,web,1,0.396,
2025-09-29 16:04:53,web,1,0.363,
2025-09-29 16:04:53,web,1,0.369,
2025-09-29 16:04:53,web,1,0.367,
2025-09-29 16:04:53,web,1,0.374,
2025-09-29 16:04:53,web,1,0.370,
2025-09-29 16:10:05,web,1,0.581,
2025-09-29 16:10:05,web,1,0.517,
2025-09-29 16:10:06,web,1,0.470,
2025-09-29 16:10:06,web,1,0.490,
2025-09-29 16:10:06,web,1,0.485,
2025-09-29 16:10:07,web,1,0.374,
2025-09-29 16:10:07,web,1,0.373,
2025-09-29 16:10:07,web,1,0.418,
2025-09-29 16:10:07,web,1,0.381,
2025-09-29 16:10:08,web,1,0.386,
2025-09-29 16:10:08,web,1,0.614,
2025-09-29 16:10:08,web,1,0.563,
2025-09-29 16:10:09,web,1,0.506,
2025-09-29 16:10:09,web,1,0.533,
2025-09-29 16:10:09,web,1,0.564,
2025-09-29 16:10:09,web,1,0.563,
2025-09-29 16:10:10,web,1,0.578,
2025-09-29 16:10:10,web,1,0.567,
2025-09-29 16:10:10,web,1,0.536,
2025-09-29 16:10:10,web,1,0.617,
2025-09-29 16:10:11,web,1,0.618,
2025-09-29 16:10:11,web,1,0.404,
2025-09-29 16:10:11,web,1,0.361,
2025-09-29 16:10:12,web,1,0.420,
2025-09-29 16:10:12,web,1,0.418,
2025-09-29 16:10:12,web,1,0.437,
2025-09-29 16:10:12,web,1,0.423,
2025-09-29 16:10:13,web,1,0.423,
2025-09-29 16:10:13,web,1,0.432,
2025-09-29 16:10:13,web,1,0.427,
2025-09-29 16:10:13,web,1,0.450,
2025-09-29 16:10:13,web,1,0.465,
2025-09-29 16:10:14,web,1,0.377,
2025-09-29 16:10:14,web,1,0.412,
2025-09-29 16:10:14,web,1,0.497,
2025-09-29 16:10:14,web,1,0.382,
2025-09-29 16:10:15,web,1,0.471,
2025-09-29 16:10:15,web,1,0.574,
2025-09-29 16:10:15,web,1,0.568,
2025-09-29 16:10:15,web,1,0.479,
2025-09-29 16:10:16,web,1,0.400,
2025-09-29 16:10:16,web,1,0.511,
2025-09-29 16:10:16,web,1,0.306,
2025-09-29 16:10:16,web,1,0.250,
2025-09-29 16:10:17,web,1,0.344,
2025-09-29 16:10:17,web,1,0.386,
2025-09-29 16:10:17,web,1,0.381,
2025-09-29 16:10:17,web,1,0.432,
2025-09-29 16:10:18,web,1,0.398,
2025-09-29 16:10:18,web,1,0.425,
2025-09-29 16:10:18,web,1,0.352,
2025-09-29 16:10:18,web,1,0.459,
2025-09-29 16:10:19,web,1,0.407,
2025-09-29 16:10:19,web,1,0.433,
2025-09-29 16:10:19,web,1,0.376,
2025-09-29 16:10:19,web,1,0.337,
2025-09-29 16:10:20,web,1,0.315,
2025-09-29 16:10:20,web,1,0.342,
2025-09-29 16:10:20,web,1,0.327,
2025-09-29 16:10:20,web,1,0.318,
2025-09-29 16:10:21,web,1,0.276,
2025-09-29 16:10:21,web,1,0.349,
2025-09-29 16:10:21,web,1,0.336,
2025-09-29 16:10:22,web,1,0.236,
2025-09-29 16:10:22,web,1,0.350,
2025-09-29 16:10:22,web,1,0.352,
2025-09-29 16:10:22,web,1,0.344,
2025-09-29 16:10:23,web,1,0.396,
2025-09-29 16:10:23,web,1,0.352,
2025-09-29 16:10:23,web,1,0.442,
2025-09-29 16:10:24,web,1,0.443,
2025-09-29 16:10:24,web,1,0.459,
2025-09-29 16:10:24,web,1,0.476,
2025-09-29 16:15:23,web,1,0.482,
2025-09-29 16:15:24,web,1,0.589,
2025-09-29 16:15:24,web,1,0.605,
2025-09-29 16:15:24,web,1,0.555,
2025-09-29 16:15:24,web,1,0.616,
2025-09-29 16:15:25,web,1,0.567,
2025-09-29 16:15:25,web,1,0.580,
2025-09-29 16:15:25,web,1,0.554,
2025-09-29 16:15:25,web,1,0.565,
2025-09-29 16:15:26,web,1,0.577,
2025-09-29 16:15:26,web,1,0.556,
2025-09-29 16:15:26,web,1,0.616,
2025-09-29 16:15:26,web,1,0.604,
2025-09-29 16:15:27,web,1,0.579,
2025-09-29 16:15:27,web,1,0.584,
2025-09-29 16:15:27,web,1,0.595,
2025-09-29 16:15:27,web,1,0.567,
2025-09-29 16:15:28,web,1,0.567,
2025-09-29 16:15:28,web,1,0.590,
2025-09-29 16:15:28,web,1,0.568,
2025-09-29 16:15:28,web,1,0.557,
2025-09-29 16:15:28,web,1,0.590,
2025-09-29 16:15:29,web,1,0.627,
2025-09-29 16:15:29,web,1,0.621,
2025-09-29 16:15:29,web,1,0.587,
2025-09-29 16:15:29,web,1,0.468,
2025-09-29 16:15:30,web,1,0.530,
2025-09-29 16:15:30,web,1,0.485,
2025-09-29 16:15:30,web,1,0.419,
2025-09-29 16:15:30,web,1,0.417,
2025-09-29 16:15:31,web,1,0.413,
2025-09-29 16:15:31,web,1,0.519,
2025-09-29 16:15:31,web,1,0.599,
2025-09-29 16:15:32,web,1,0.543,
2025-09-29 16:15:32,web,1,0.645,
2025-09-29 16:15:32,web,1,0.536,
2025-09-29 16:15:33,web,1,0.619,
2025-09-29 16:15:33,web,1,0.586,
2025-09-29 16:15:33,web,1,0.397,
2025-09-29 16:15:33,web,1,0.431,
2025-09-29 16:15:34,web,1,0.414,
2025-09-29 16:15:34,web,1,0.578,
2025-09-29 16:15:34,web,1,0.501,
2025-09-29 16:15:34,web,1,0.588,
2025-09-29 16:15:34,web,1,0.533,
2025-09-29 16:15:35,web,1,0.544,
2025-09-29 16:15:35,web,1,0.535,
2025-09-29 16:15:35,web,1,0.500,
2025-09-29 16:15:35,web,1,0.547,
2025-09-29 16:15:36,web,1,0.497,
2025-09-29 16:15:36,web,1,0.512,
2025-09-29 16:15:36,web,1,0.485,
2025-09-29 16:15:36,web,1,0.548,
2025-09-29 16:15:37,web,1,0.624,
2025-09-29 16:15:37,web,1,0.570,
2025-09-29 16:15:37,web,1,0.760,
2025-09-29 16:15:37,web,1,0.853,
2025-09-29 16:15:38,web,1,0.789,
2025-09-29 16:15:38,web,1,0.670,
2025-09-29 16:15:38,web,1,0.675,
2025-09-29 16:15:38,web,1,0.663,
2025-09-29 16:15:39,web,1,0.717,
2025-09-29 16:15:39,web,1,0.644,
2025-09-29 16:15:39,web,1,0.586,
2025-09-29 16:15:40,web,1,0.456,
2025-09-29 16:15:40,web,1,0.532,
2025-09-29 16:15:40,web,1,0.560,
2025-09-29 16:15:40,web,1,0.493,
2025-09-29 16:15:41,web,1,0.463,
2025-09-29 16:15:41,web,1,0.464,
2025-09-29 16:15:41,web,1,0.441,
2025-09-29 16:15:42,web,1,0.526,
2025-09-29 16:15:42,web,1,0.524,
2025-09-29 16:15:42,web,1,0.487,
2025-09-29 16:15:43,web,1,0.441,
2025-09-29 16:15:43,web,1,0.451,
2025-09-29 16:15:43,web,1,0.486,
2025-09-29 16:15:43,web,1,0.548,
2025-09-29 16:17:16,web,1,0.286,
2025-09-29 16:17:16,web,1,0.399,
2025-09-29 16:17:16,web,0,0.000,
2025-09-29 16:17:17,web,0,0.000,
2025-09-29 16:17:17,web,0,0.000,
2025-09-29 16:17:17,web,0,0.000,
2025-09-29 16:17:17,web,0,0.000,
2025-09-29 16:17:17,web,1,0.214,
2025-09-29 16:17:18,web,1,0.341,
2025-09-29 16:17:18,web,1,0.335,
2025-09-29 16:17:18,web,1,0.347,
2025-09-29 16:17:18,web,1,0.374,
2025-09-29 16:17:19,web,1,0.392,
2025-09-29 16:17:19,web,1,0.370,
2025-09-29 16:17:19,web,1,0.341,
2025-09-29 16:17:19,web,1,0.403,
2025-09-29 16:17:20,web,1,0.478,
2025-09-29 16:17:20,web,1,0.493,
2025-09-29 16:17:20,web,1,0.460,
2025-09-29 16:17:20,web,1,0.462,
2025-09-29 16:17:20,web,1,0.418,
2025-09-29 16:17:21,web,1,0.414,
2025-09-29 16:17:21,web,1,0.413,
2025-09-29 16:17:21,web,1,0.472,
2025-09-29 16:17:21,web,1,0.568,
2025-09-29 16:17:22,web,1,0.583,
2025-09-29 16:17:22,web,1,0.567,
2025-09-29 16:17:22,web,1,0.569,
2025-09-29 16:17:22,web,1,0.466,
2025-09-29 16:17:23,web,1,0.435,
2025-09-29 16:17:23,web,1,0.434,
2025-09-29 16:17:23,web,1,0.466,
2025-09-29 16:17:23,web,1,0.473,
2025-09-29 16:17:23,web,1,0.542,
2025-09-29 16:17:24,web,1,0.450,
2025-09-29 16:17:24,web,1,0.417,
2025-09-29 16:17:24,web,1,0.374,
2025-09-29 16:17:24,web,1,0.420,
2025-09-29 16:17:25,web,1,0.453,
2025-09-29 16:17:25,web,1,0.402,
2025-09-29 16:17:25,web,1,0.469,
2025-09-29 16:17:25,web,1,0.333,
2025-09-29 16:17:25,web,1,0.369,
2025-09-29 16:17:26,web,1,0.299,
2025-09-29 16:17:26,web,1,0.272,
2025-09-29 16:17:26,web,1,0.366,
2025-09-29 16:17:26,web,1,0.305,
2025-09-29 16:17:26,web,1,0.305,
2025-09-29 16:17:27,web,1,0.358,
2025-09-29 16:17:27,web,1,0.398,
2025-09-29 16:17:27,web,1,0.361,
2025-09-29 16:17:27,web,1,0.372,
2025-09-29 16:17:28,web,1,0.344,
2025-09-29 16:17:28,web,1,0.344,
2025-09-29 16:17:28,web,1,0.362,
2025-09-29 16:17:28,web,1,0.359,
2025-09-29 16:17:29,web,1,0.365,
2025-09-29 16:17:29,web,1,0.378,
2025-09-29 16:17:29,web,1,0.353,
2025-09-29 16:17:29,web,1,0.344,
2025-09-29 16:17:29,web,1,0.385,
2025-09-29 16:17:30,web,1,0.425,
2025-09-29 16:17:30,web,1,0.427,
2025-09-29 16:17:30,web,1,0.449,
2025-09-29 16:17:30,web,1,0.469,
2025-09-29 16:17:31,web,1,0.361,
2025-09-29 16:18:37,web,1,0.486,
2025-09-29 16:18:37,web,1,0.508,
2025-09-29 16:18:38,web,1,0.540,
2025-09-29 16:18:38,web,1,0.537,
2025-09-29 16:18:38,web,1,0.524,
2025-09-29 16:18:38,web,1,0.534,
2025-09-29 16:18:39,web,1,0.573,
2025-09-29 16:18:39,web,1,0.551,
2025-09-29 16:18:39,web,1,0.567,
2025-09-29 16:18:39,web,1,0.545,
2025-09-29 16:19:10,web,1,0.484,
2025-09-29 16:19:11,web,1,0.517,
2025-09-29 16:19:11,web,1,0.487,
2025-09-29 16:19:11,web,1,0.507,
2025-09-29 16:19:11,web,1,0.276,
2025-09-29 16:19:12,web,1,0.405,
2025-09-29 16:19:12,web,1,0.519,
2025-09-29 16:19:12,web,1,0.402,
2025-09-29 16:19:12,web,1,0.393,
2025-09-29 16:19:13,web,1,0.461,
2025-09-29 16:19:13,web,1,0.382,
2025-09-29 16:19:13,web,1,0.380,
2025-09-29 16:19:13,web,1,0.370,
2025-09-29 16:19:14,web,1,0.405,
2025-09-29 16:19:14,web,1,0.450,
2025-09-29 16:19:14,web,1,0.496,
2025-09-29 16:19:14,web,1,0.408,
2025-09-29 16:19:15,web,1,0.387,
2025-09-29 16:19:15,web,1,0.419,
2025-09-29 16:19:15,web,2,0.718,
2025-09-29 16:19:15,web,2,0.722,
2025-09-29 16:19:16,web,2,0.727,
2025-09-29 16:19:16,web,2,0.736,
2025-09-29 16:19:16,web,2,0.733,
2025-09-29 16:19:16,web,2,0.738,
2025-09-29 16:19:17,web,2,0.728,
2025-09-29 16:19:17,web,1,0.458,
2025-09-29 16:19:17,web,2,0.717,
2025-09-29 16:19:17,web,2,0.728,
2025-09-29 16:19:18,web,1,0.456,
2025-09-29 16:19:18,web,2,0.732,
2025-09-29 16:19:18,web,2,0.683,
2025-09-29 16:19:18,web,1,0.298,
2025-09-29 16:19:19,web,2,0.329,
2025-09-29 16:19:19,web,1,0.388,
2025-09-29 16:19:19,web,2,0.714,
2025-09-29 16:19:19,web,1,0.362,
2025-09-29 16:19:19,web,1,0.457,
2025-09-29 16:19:20,web,1,0.472,
2025-09-29 16:19:20,web,2,0.717,
2025-09-29 16:19:20,web,2,0.835,
2025-09-29 16:19:20,web,2,0.857,
2025-09-29 16:19:21,web,2,0.833,
2025-09-29 16:19:21,web,2,0.831,
2025-09-29 16:19:21,web,2,0.852,
2025-09-29 16:19:22,web,2,0.853,
2025-09-29 16:19:22,web,2,0.856,
2025-09-29 16:19:22,web,2,0.856,
2025-09-29 16:19:22,web,2,0.865,
2025-09-29 16:19:23,web,2,0.857,
2025-09-29 16:19:23,web,2,0.857,
2025-09-29 16:19:23,web,2,0.852,
2025-09-29 16:19:23,web,2,0.863,
2025-09-29 16:19:24,web,2,0.857,
2025-09-29 16:19:24,web,2,0.849,
2025-09-29 16:19:24,web,2,0.845,
2025-09-29 16:19:24,web,2,0.861,
2025-09-29 16:19:25,web,2,0.845,
2025-09-29 16:19:25,web,2,0.849,
2025-09-29 16:19:25,web,2,0.848,
2025-09-29 16:19:25,web,2,0.842,
2025-09-29 16:19:26,web,2,0.842,
2025-09-29 16:19:26,web,2,0.840,
2025-09-29 16:19:26,web,2,0.840,
2025-09-29 16:19:26,web,2,0.833,
2025-09-29 16:19:27,web,2,0.832,
2025-09-29 16:19:27,web,2,0.839,
2025-09-29 16:19:27,web,3,0.886,
2025-09-29 16:19:27,web,2,0.801,
2025-09-29 16:19:28,web,1,0.416,
2025-09-29 16:19:28,web,1,0.438,
2025-09-29 16:19:28,web,1,0.411,
2025-09-29 16:19:28,web,1,0.503,
2025-09-29 16:19:29,web,1,0.483,
2025-09-29 16:19:29,web,1,0.452,
2025-09-29 16:19:29,web,1,0.333,
2025-09-29 16:19:29,web,1,0.409,
2025-09-29 16:19:30,web,1,0.412,
2025-09-29 16:19:30,web,1,0.418,
2025-09-29 16:19:30,web,1,0.443,
2025-09-29 16:19:30,web,1,0.453,
2025-09-29 16:19:31,web,1,0.447,
2025-09-29 16:19:31,web,1,0.418,
2025-09-29 16:19:31,web,1,0.529,
2025-09-29 16:19:31,web,1,0.524,
2025-09-29 16:19:32,web,1,0.596,
2025-09-29 16:19:45,web,1,0.395,
2025-09-29 16:19:45,web,1,0.427,
2025-09-29 16:19:45,web,2,0.802,
2025-09-29 16:19:45,web,2,0.906,
2025-09-29 16:19:46,web,1,0.591,
2025-09-29 16:19:46,web,1,0.658,
2025-09-29 16:19:46,web,1,0.635,
2025-09-29 16:19:46,web,1,0.624,
2025-09-29 16:19:47,web,1,0.595,
2025-09-29 16:19:47,web,2,0.753,
2025-09-29 16:19:47,web,2,0.885,
2025-09-29 16:19:47,web,2,0.774,
2025-09-29 16:19:48,web,2,0.811,
2025-09-29 16:19:48,web,2,0.800,
2025-09-29 16:19:48,web,2,0.805,
2025-09-29 16:19:48,web,2,0.872,
2025-09-29 16:19:49,web,2,0.810,
2025-09-29 16:19:49,web,2,0.915,
2025-09-29 16:19:49,web,2,0.852,
2025-09-29 16:19:49,web,2,0.941,
2025-09-29 16:19:50,web,2,0.862,
2025-09-29 16:19:50,web,2,0.806,
2025-09-29 16:19:50,web,2,0.922,
2025-09-29 16:19:50,web,2,0.931,
2025-09-29 16:19:51,web,2,0.818,
2025-09-29 16:19:51,web,2,0.890,
2025-09-29 16:19:51,web,2,0.803,
2025-09-29 16:19:51,web,2,0.869,
2025-09-29 16:19:52,web,2,0.875,
2025-09-29 16:19:52,web,2,0.848,
2025-09-29 16:19:52,web,2,0.805,
2025-09-29 16:19:52,web,1,0.496,
2025-09-29 16:19:53,web,2,0.806,
2025-09-29 16:19:53,web,2,0.832,
2025-09-29 16:19:53,web,2,0.811,
2025-09-29 16:19:53,web,3,0.911,
2025-09-29 16:19:54,web,2,0.697,
2025-09-29 16:19:54,web,2,0.722,
2025-09-29 16:19:54,web,2,0.715,
2025-09-29 16:19:54,web,1,0.594,
2025-09-29 16:19:55,web,1,0.524,
2025-09-29 16:19:55,web,1,0.501,
2025-09-29 16:19:55,web,1,0.533,
2025-09-29 16:19:55,web,2,0.763,
2025-09-29 16:19:55,web,2,0.782,
2025-09-29 16:19:56,web,2,0.736,
2025-09-29 16:19:56,web,2,0.734,
2025-09-29 16:19:56,web,1,0.475,
2025-09-29 16:19:56,web,1,0.474,
2025-09-29 16:19:57,web,1,0.418,
2025-09-29 16:19:57,web,1,0.443,
2025-09-29 16:19:57,web,1,0.461,
2025-09-29 16:19:57,web,1,0.356,
2025-09-29 16:19:58,web,1,0.241,
2025-09-29 16:19:58,web,1,0.364,
2025-09-29 16:19:58,web,1,0.356,
2025-09-29 16:19:58,web,1,0.336,
2025-09-29 16:19:59,web,1,0.356,
2025-09-29 16:19:59,web,1,0.399,
2025-09-29 16:19:59,web,1,0.224,
2025-09-29 16:19:59,web,1,0.208,
2025-09-29 16:20:00,web,1,0.331,
2025-09-29 16:20:00,web,1,0.276,
2025-09-29 16:20:00,web,1,0.399,
2025-09-29 16:20:00,web,1,0.249,
2025-09-29 16:20:01,web,1,0.161,
2025-09-29 16:20:01,web,1,0.266,
2025-09-29 16:20:01,web,1,0.275,
2025-09-29 16:20:02,web,1,0.355,
2025-09-29 16:20:02,web,1,0.578,
2025-09-29 16:20:02,web,1,0.392,
2025-09-29 16:20:02,web,1,0.454,
2025-09-29 16:20:03,web,1,0.495,
2025-09-29 16:20:03,web,1,0.499,
2025-09-29 16:20:03,web,1,0.477,
2025-09-29 16:20:03,web,1,0.488,
2025-09-29 16:20:04,web,1,0.409,
2025-09-29 16:20:04,web,1,0.481,
2025-09-29 16:20:16,web,1,0.401,
2025-09-29 16:20:16,web,1,0.460,
2025-09-29 16:20:16,web,1,0.595,
2025-09-29 16:20:17,web,1,0.571,
2025-09-29 16:20:17,web,1,0.495,
2025-09-29 16:20:17,web,1,0.375,
2025-09-29 16:20:17,web,1,0.460,
2025-09-29 16:20:18,web,1,0.572,
2025-09-29 16:20:18,web,1,0.785,
2025-09-29 16:20:18,web,1,1.000,
2025-09-29 16:20:18,web,1,1.000,
2025-09-29 16:20:19,web,1,0.899,
2025-09-29 16:20:19,web,1,0.946,
2025-09-29 16:20:19,web,1,0.999,
2025-09-29 16:20:19,web,1,0.934,
2025-09-29 16:20:20,web,1,1.000,
2025-09-29 16:20:20,web,1,1.000,
2025-09-29 16:20:20,web,1,0.916,
2025-09-29 16:20:20,web,1,0.917,
2025-09-29 16:20:20,web,1,1.000,
2025-09-29 16:20:21,web,1,0.929,
2025-09-29 16:20:21,web,1,0.863,
2025-09-29 16:20:21,web,1,1.000,
2025-09-29 16:20:21,web,1,0.869,
2025-09-29 16:20:22,web,1,0.974,
2025-09-29 16:20:22,web,1,0.912,
2025-09-29 16:20:22,web,1,0.849,
2025-09-29 16:20:22,web,1,0.903,
2025-09-29 16:20:23,web,1,1.000,
2025-09-29 16:20:23,web,1,0.828,
2025-09-29 16:20:23,web,1,0.750,
2025-09-29 16:20:23,web,1,0.612,
2025-09-29 16:20:24,web,1,0.358,
2025-09-29 16:20:24,web,1,0.625,
2025-09-29 16:20:24,web,1,0.650,
2025-09-29 16:20:24,web,1,0.595,
2025-09-29 16:20:25,web,1,0.535,
2025-09-29 16:20:25,web,1,0.486,
2025-09-29 16:20:25,web,1,0.459,
2025-09-29 16:20:25,web,1,0.490,
2025-09-29 16:20:26,web,1,0.501,
2025-09-29 16:20:26,web,1,0.514,
2025-09-29 16:20:26,web,1,0.489,
2025-09-29 16:20:26,web,1,0.754,
2025-09-29 16:20:27,web,1,0.507,
2025-09-29 16:20:27,web,1,0.456,
2025-09-29 16:20:27,web,1,0.823,
2025-09-29 16:20:27,web,1,0.477,
2025-09-29 16:20:28,web,1,0.821,
2025-09-29 16:20:28,web,1,0.571,
2025-09-29 16:20:28,web,1,0.854,
2025-09-29 16:20:28,web,1,0.537,
2025-09-29 16:20:28,web,1,0.543,
2025-09-29 16:20:29,web,1,0.715,
2025-09-29 16:20:29,web,1,0.752,
2025-09-29 16:20:29,web,1,0.420,
2025-09-29 16:20:29,web,1,0.686,
2025-09-29 16:20:30,web,1,0.426,
2025-09-29 16:20:30,web,1,0.667,
2025-09-29 16:20:30,web,1,0.689,
2025-09-29 16:20:30,web,1,0.379,
2025-09-29 16:20:31,web,1,0.432,
2025-09-29 16:20:31,web,1,0.430,
2025-09-29 16:20:31,web,1,0.430,
2025-09-29 16:20:31,web,1,0.454,
2025-09-29 16:20:32,web,1,0.442,
2025-09-29 16:20:32,web,1,0.520,
2025-09-29 16:20:32,web,1,0.473,
2025-09-29 16:20:32,web,1,0.448,
2025-09-29 16:20:32,web,1,0.470,
2025-09-29 16:20:33,web,1,0.452,
2025-09-29 16:20:33,web,1,0.435,
2025-09-29 16:20:33,web,1,0.430,
2025-09-29 16:20:33,web,1,0.428,
2025-09-29 16:20:34,web,1,0.475,
2025-09-29 16:20:34,web,1,0.464,
2025-09-29 16:20:34,web,1,0.538,
2025-09-29 16:20:34,web,1,0.549,
2025-09-29 16:20:35,web,1,0.513,
2025-09-29 16:20:35,web,1,0.637,
2025-09-29 16:20:35,web,1,0.441,
2025-09-29 16:20:35,web,1,0.539,
2025-09-29 16:20:36,web,1,0.591,
2025-09-29 16:20:36,web,1,0.595,
2025-09-29 16:20:36,web,1,0.659,
2025-09-29 16:20:36,web,1,0.631,
2025-09-29 16:20:37,web,1,0.575,
2025-09-29 16:20:37,web,1,0.609,
2025-09-29 16:20:37,web,1,0.563,
2025-09-29 16:20:37,web,1,0.644,
2025-09-29 16:20:38,web,1,0.634,
2025-09-29 16:20:38,web,1,0.577,
2025-09-29 16:20:38,web,1,0.598,
2025-09-29 16:20:38,web,1,0.560,
2025-09-29 16:20:39,web,1,0.586,
2025-09-29 16:20:39,web,1,0.609,
2025-09-29 16:20:39,web,1,0.598,
2025-09-29 16:20:39,web,1,0.583,
2025-09-29 16:20:40,web,1,0.644,
2025-09-29 16:20:40,web,1,0.483,
2025-09-29 16:20:40,web,1,0.536,
2025-09-29 16:20:40,web,1,0.534,
2025-09-29 16:20:41,web,1,0.557,
2025-09-29 16:20:41,web,1,0.556,
2025-09-29 16:20:41,web,1,0.511,
2025-09-29 16:20:41,web,1,0.492,
2025-09-29 16:20:41,web,1,0.545,
2025-09-29 16:20:42,web,2,0.756,
2025-09-29 16:20:42,web,2,0.791,
2025-09-29 16:20:42,web,2,0.858,
2025-09-29 16:20:42,web,2,0.854,
2025-09-29 16:20:43,web,2,0.847,
2025-09-29 16:20:43,web,2,0.829,
2025-09-29 16:20:43,web,2,0.719,
2025-09-29 16:20:43,web,1,0.398,
2025-09-29 16:20:44,web,1,0.409,
2025-09-29 16:20:44,web,1,0.334,
2025-09-29 16:20:44,web,1,0.352,
2025-09-29 16:20:44,web,1,0.597,
2025-09-29 16:20:45,web,1,0.521,
2025-09-29 16:20:45,web,1,0.607,
2025-09-29 16:20:45,web,1,0.472,
2025-09-29 16:20:45,web,1,0.506,
2025-09-29 16:20:46,web,1,0.485,
2025-09-29 16:20:46,web,1,0.516,
2025-09-29 16:20:46,web,1,0.532,
2025-09-29 16:20:46,web,1,0.639,
2025-09-29 16:20:47,web,1,0.264,
2025-09-29 16:20:47,web,1,0.539,
2025-09-29 16:20:47,web,1,0.691,
2025-09-29 16:20:47,web,1,0.670,
2025-09-29 16:20:47,web,1,0.603,
2025-09-29 16:20:48,web,1,0.604,
2025-09-29 16:20:48,web,1,0.615,
2025-09-29 16:20:48,web,1,0.558,
2025-09-29 16:20:48,web,1,0.581,
2025-09-29 16:20:49,web,1,0.572,
2025-09-29 16:20:49,web,1,0.665,
2025-09-29 16:20:49,web,1,0.622,
2025-09-29 16:20:49,web,1,0.610,
2025-09-29 16:20:50,web,1,0.649,
2025-09-29 16:20:50,web,1,0.711,
2025-09-29 16:20:50,web,1,0.594,
2025-09-29 16:20:50,web,1,0.639,
2025-09-29 16:20:50,web,1,0.721,
2025-09-29 16:20:51,web,1,0.688,
2025-09-29 16:20:51,web,1,0.581,
2025-09-29 16:20:51,web,1,0.510,
2025-09-29 16:20:51,web,1,0.695,
2025-09-29 16:20:52,web,1,0.763,
2025-09-29 16:20:52,web,1,0.944,
2025-09-29 16:20:52,web,1,0.884,
2025-09-29 16:20:52,web,1,0.849,
2025-09-29 16:20:53,web,1,0.654,
2025-09-29 16:20:53,web,1,0.590,
2025-09-29 16:20:53,web,1,0.513,
2025-09-29 16:20:53,web,1,0.395,
2025-09-29 16:20:54,web,1,0.390,
2025-09-29 16:20:54,web,1,0.447,
2025-09-29 16:20:54,web,1,0.428,
2025-09-29 16:20:54,web,1,0.343,
2025-09-29 16:20:55,web,0,0.000,
2025-09-29 16:20:55,web,0,0.000,
2025-09-29 16:20:55,web,0,0.000,
2025-09-29 16:20:56,web,0,0.000,
2025-09-29 16:20:56,web,0,0.000,
2025-09-29 16:20:56,web,0,0.000,
2025-09-29 16:20:56,web,1,0.308,
2025-09-29 16:20:57,web,1,0.387,
2025-09-29 16:20:57,web,1,0.483,
2025-09-29 16:20:57,web,1,0.313,
2025-09-29 16:20:58,web,1,0.326,
2025-09-29 16:20:58,web,1,0.463,
2025-09-29 16:20:58,web,1,0.456,
2025-09-29 16:20:58,web,1,0.602,
2025-09-29 16:23:58,web,0,0.000,
2025-09-29 16:23:59,web,0,0.000,
2025-09-29 16:23:59,web,1,0.955,
2025-09-29 16:23:59,web,1,0.867,
2025-09-29 16:23:59,web,1,0.842,
2025-09-29 16:24:00,web,1,1.000,
2025-09-29 16:24:00,web,1,0.871,
2025-09-29 16:24:00,web,1,1.000,
2025-09-29 16:24:01,web,1,0.981,
2025-09-29 16:24:01,web,1,0.960,
2025-09-29 16:24:01,web,1,0.791,
2025-09-29 16:24:01,web,1,0.703,
2025-09-29 16:24:02,web,1,0.664,
2025-09-29 16:24:02,web,1,0.822,
2025-09-29 16:24:02,web,1,0.714,
2025-09-29 16:24:02,web,1,1.000,
2025-09-29 16:24:03,web,1,1.000,
2025-09-29 16:24:03,web,2,0.662,
2025-09-29 16:24:03,web,2,0.701,
2025-09-29 16:24:03,web,2,0.602,
2025-09-29 16:24:04,web,2,0.518,
2025-09-29 16:24:04,web,2,0.539,
2025-09-29 16:24:04,web,2,0.591,
2025-09-29 16:24:04,web,2,0.542,
2025-09-29 16:24:04,web,2,0.671,
2025-09-29 16:24:05,web,2,0.587,
2025-09-29 16:24:05,web,2,0.509,
2025-09-29 16:24:05,web,2,0.581,
2025-09-29 16:24:05,web,2,0.756,
2025-09-29 16:24:06,web,2,0.771,
2025-09-29 16:24:06,web,2,0.767,
2025-09-29 16:24:06,web,2,0.736,
2025-09-29 16:24:06,web,2,1.000,
2025-09-29 16:24:07,web,2,0.996,
2025-09-29 16:24:07,web,2,1.000,
2025-09-29 16:24:07,web,2,1.000,
2025-09-29 16:24:07,web,2,1.000,
2025-09-29 16:24:07,web,2,1.000,
2025-09-29 16:24:08,web,2,1.000,
2025-09-29 16:24:08,web,2,0.986,
2025-09-29 16:24:08,web,2,0.993,
2025-09-29 16:24:08,web,2,0.959,
2025-09-29 16:24:09,web,2,0.864,
2025-09-29 16:24:09,web,2,0.903,
2025-09-29 16:24:09,web,2,0.857,
2025-09-29 16:24:09,web,2,0.898,
2025-09-29 16:24:10,web,2,0.865,
2025-09-29 16:24:10,web,2,0.944,
2025-09-29 16:24:10,web,2,0.957,
2025-09-29 16:24:10,web,2,0.991,
2025-09-29 16:24:11,web,2,0.910,
2025-09-29 16:24:11,web,2,1.000,
2025-09-29 16:24:11,web,2,0.958,
2025-09-29 16:24:11,web,2,0.974,
2025-09-29 16:24:12,web,2,1.000,
2025-09-29 16:24:12,web,2,0.996,
2025-09-29 16:24:12,web,2,1.000,
2025-09-29 16:24:12,web,2,1.000,
2025-09-29 16:24:12,web,2,1.000,
2025-09-29 16:24:13,web,2,0.845,
2025-09-29 16:24:13,web,2,0.813,
2025-09-29 16:24:13,web,2,0.793,
2025-09-29 16:24:13,web,3,0.592,
2025-09-29 16:24:14,web,3,0.552,
2025-09-29 16:24:14,web,3,0.640,
2025-09-29 16:24:14,web,3,0.708,
2025-09-29 16:24:14,web,3,0.666,
2025-09-29 16:24:15,web,3,0.622,
2025-09-29 16:24:15,web,3,0.602,
2025-09-29 16:24:15,web,2,0.565,
2025-09-29 16:24:15,web,2,0.378,
2025-09-29 16:24:15,web,2,0.439,
2025-09-29 16:24:16,web,2,0.517,
2025-09-29 16:24:16,web,2,0.439,
2025-09-29 16:24:16,web,2,0.539,
2025-09-29 16:24:16,web,2,0.727,
2025-09-29 16:24:17,web,2,0.605,
2025-09-29 16:24:17,web,2,0.663,
2025-09-29 16:24:17,web,2,1.000,
2025-09-29 16:24:17,web,2,0.896,
2025-09-29 16:24:17,web,3,0.858,
2025-09-29 16:24:18,web,3,0.752,
2025-09-29 16:24:18,web,3,0.690,
2025-09-29 16:24:18,web,3,0.774,
2025-09-29 16:24:18,web,3,0.759,
2025-09-29 16:24:19,web,4,0.807,
2025-09-29 16:24:19,web,4,0.707,
2025-09-29 16:24:19,web,4,0.739,
2025-09-29 16:24:19,web,3,0.830,
2025-09-29 16:24:20,web,3,0.866,
2025-09-29 16:24:20,web,3,0.747,
2025-09-29 16:24:20,web,4,0.701,
2025-09-29 16:24:20,web,4,0.734,
2025-09-29 16:24:21,web,4,0.688,
2025-09-29 16:24:21,web,4,0.676,
2025-09-29 16:24:21,web,4,0.719,
2025-09-29 16:24:21,web,4,0.705,
2025-09-29 16:24:21,web,4,0.732,
2025-09-29 16:24:22,web,4,0.690,
2025-09-29 16:24:22,web,4,0.602,
2025-09-29 16:24:22,web,4,0.623,
2025-09-29 16:24:22,web,4,0.613,
2025-09-29 16:24:23,web,4,0.767,
2025-09-29 16:24:23,web,4,0.849,
2025-09-29 16:24:23,web,4,0.747,
2025-09-29 16:24:23,web,4,0.802,
2025-09-29 16:24:24,web,4,0.714,
2025-09-29 16:24:24,web,4,0.821,
2025-09-29 16:24:24,web,4,0.812,
2025-09-29 16:24:24,web,4,0.789,
2025-09-29 16:24:25,web,4,0.667,
2025-09-29 16:24:25,web,4,0.737,
2025-09-29 16:24:25,web,3,0.920,
2025-09-29 16:24:25,web,3,0.835,
2025-09-29 16:24:26,web,3,0.836,
2025-09-29 16:24:26,web,3,0.768,
2025-09-29 16:24:26,web,3,0.734,
2025-09-29 16:24:26,web,3,0.709,
2025-09-29 16:24:27,web,3,0.798,
2025-09-29 16:24:27,web,3,0.820,
2025-09-29 16:24:27,web,3,0.858,
2025-09-29 16:24:27,web,3,0.808,
2025-09-29 16:24:27,web,3,0.720,
2025-09-29 16:24:28,web,3,0.688,
2025-09-29 16:24:28,web,3,0.585,
2025-09-29 16:24:28,web,2,0.394,
2025-09-29 16:24:28,web,2,0.479,
2025-09-29 16:24:29,web,2,0.530,
2025-09-29 16:24:29,web,2,0.485,
2025-09-29 16:24:29,web,2,0.531,
2025-09-29 16:24:29,web,2,0.502,
2025-09-29 16:24:30,web,2,0.534,
2025-09-29 16:24:30,web,3,0.698,
2025-09-29 16:24:30,web,3,0.699,
2025-09-29 16:24:30,web,3,0.712,
2025-09-29 16:24:30,web,3,0.709,
2025-09-29 16:24:31,web,3,0.722,
2025-09-29 16:24:31,web,3,0.738,
2025-09-29 16:24:31,web,3,0.783,
2025-09-29 16:24:31,web,3,0.748,
2025-09-29 16:24:32,web,3,0.765,
2025-09-29 16:24:32,web,3,0.819,
2025-09-29 16:24:32,web,3,0.846,
2025-09-29 16:24:32,web,3,0.855,
2025-09-29 16:24:33,web,3,0.858,
2025-09-29 16:24:33,web,3,0.853,
2025-09-29 16:24:33,web,3,0.845,
2025-09-29 16:24:33,web,3,0.845,
2025-09-29 16:24:34,web,3,0.795,
2025-09-29 16:24:34,web,3,0.719,
2025-09-29 16:24:34,web,3,0.835,
2025-09-29 16:24:34,web,3,0.801,
2025-09-29 16:24:35,web,3,0.811,
2025-09-29 16:24:35,web,3,0.806,
2025-09-29 16:24:35,web,4,0.695,
2025-09-29 16:24:35,web,4,0.845,
2025-09-29 16:24:36,web,4,0.687,
2025-09-29 16:24:36,web,3,0.548,
2025-09-29 16:24:36,web,4,0.759,
2025-09-29 16:24:36,web,4,0.737,
2025-09-29 16:24:36,web,3,0.818,
2025-09-29 16:24:37,web,4,0.652,
2025-09-29 16:24:37,web,4,0.739,
2025-09-29 16:24:37,web,4,0.810,
2025-09-29 16:24:37,web,4,0.706,
2025-09-29 16:24:38,web,4,0.723,
2025-09-29 16:24:38,web,4,0.697,
2025-09-29 16:24:38,web,3,0.821,
2025-09-29 16:24:38,web,4,0.723,
2025-09-29 16:24:39,web,4,0.650,
2025-09-29 16:24:39,web,4,0.684,
2025-09-29 16:24:39,web,4,0.785,
2025-09-29 16:24:39,web,4,0.871,
2025-09-29 16:24:39,web,4,0.881,
2025-09-29 16:24:40,web,4,0.882,
2025-09-29 16:24:40,web,4,0.881,
2025-09-29 16:24:40,web,4,0.913,
2025-09-29 16:24:40,web,4,0.920,
2025-09-29 16:24:41,web,4,0.873,
2025-09-29 16:24:41,web,4,0.893,
2025-09-29 16:24:41,web,4,0.858,
2025-09-29 16:24:41,web,4,0.812,
2025-09-29 16:24:42,web,4,0.805,
2025-09-29 16:24:42,web,3,0.985,
2025-09-29 16:24:42,web,3,0.973,
2025-09-29 16:24:42,web,4,0.970,
2025-09-29 16:24:42,web,3,0.956,
2025-09-29 16:24:43,web,2,0.939,
2025-09-29 16:24:43,web,3,0.881,
2025-09-29 16:24:43,web,3,0.855,
2025-09-29 16:24:43,web,2,0.753,
2025-09-29 16:24:44,web,1,1.000,
2025-09-29 16:24:44,web,2,1.000,
2025-09-29 16:24:44,web,1,1.000,
2025-09-29 16:24:44,web,2,0.737,
2025-09-29 16:24:45,web,2,0.739,
2025-09-29 16:24:45,web,3,0.963,
2025-09-29 16:24:45,web,3,0.945,
2025-09-29 16:24:45,web,3,1.000,
2025-09-29 16:24:46,web,3,0.947,
2025-09-29 16:24:46,web,3,0.853,
2025-09-29 16:24:46,web,3,0.824,
2025-09-29 16:24:46,web,3,0.803,
2025-09-29 16:24:47,web,3,0.844,
2025-09-29 16:24:47,web,3,0.878,
2025-09-29 16:24:47,web,3,0.877,
2025-09-29 16:24:47,web,3,0.869,
2025-09-29 16:24:48,web,3,0.957,
2025-09-29 16:24:48,web,3,0.840,
2025-09-29 16:24:48,web,3,0.835,
2025-09-29 16:24:48,web,3,0.811,
2025-09-29 16:24:48,web,3,0.822,
2025-09-29 16:24:49,web,3,0.912,
2025-09-29 16:24:49,web,3,0.863,
2025-09-29 16:24:49,web,3,0.785,
2025-09-29 16:24:49,web,3,0.791,
2025-09-29 16:24:50,web,3,0.884,
2025-09-29 16:24:50,web,3,0.922,
2025-09-29 16:24:50,web,3,0.838,
2025-09-29 16:24:50,web,3,0.885,
2025-09-29 16:24:51,web,3,0.869,
2025-09-29 16:24:51,web,3,0.861,
2025-09-29 16:24:51,web,3,0.912,
2025-09-29 16:24:51,web,3,0.933,
2025-09-29 16:24:52,web,3,0.765,
2025-09-29 16:24:52,web,3,0.728,
2025-09-29 16:24:52,web,3,0.721,
2025-09-29 16:24:52,web,3,0.796,
2025-09-29 16:24:52,web,3,0.836,
2025-09-29 16:24:53,web,3,0.849,
2025-09-29 16:24:53,web,3,0.937,
2025-09-29 16:24:53,web,3,0.896,
2025-09-29 16:24:53,web,3,0.810,
2025-09-29 16:24:54,web,3,0.903,
2025-09-29 16:24:54,web,3,0.834,
2025-09-29 16:24:54,web,3,0.846,
2025-09-29 16:24:54,web,2,0.992,
2025-09-29 16:24:55,web,2,1.000,
2025-09-29 16:24:55,web,2,0.980,
2025-09-29 16:24:55,web,2,0.984,
2025-09-29 16:24:55,web,2,0.951,
2025-09-29 16:24:56,web,2,0.893,
2025-09-29 16:24:56,web,2,0.926,
2025-09-29 16:24:56,web,2,0.971,
2025-09-29 16:24:56,web,2,0.966,
2025-09-29 16:24:56,web,2,1.000,
2025-09-29 16:24:57,web,2,0.906,
2025-09-29 16:24:57,web,2,0.984,
2025-09-29 16:24:57,web,2,1.000,
2025-09-29 16:24:57,web,2,1.000,
2025-09-29 16:24:58,web,3,0.771,
2025-09-29 16:24:58,web,3,0.762,
2025-09-29 16:24:58,web,3,0.840,
2025-09-29 16:24:58,web,3,0.864,
2025-09-29 16:24:59,web,3,1.000,
2025-09-29 16:24:59,web,3,1.000,
2025-09-29 16:24:59,web,3,0.966,
2025-09-29 16:24:59,web,3,0.892,
2025-09-29 16:25:00,web,3,0.925,
2025-09-29 16:25:00,web,3,0.952,
2025-09-29 16:25:00,web,3,0.971,
2025-09-29 16:25:00,web,2,1.000,
2025-09-29 16:25:01,web,2,1.000,
2025-09-29 16:25:01,web,2,0.966,
2025-09-29 16:25:01,web,2,0.898,
2025-09-29 16:25:01,web,2,0.977,
2025-09-29 16:25:01,web,2,0.960,
2025-09-29 16:25:02,web,2,1.000,
2025-09-29 16:25:02,web,2,0.966,
2025-09-29 16:25:02,web,2,0.877,
2025-09-29 16:25:02,web,2,0.932,
2025-09-29 16:25:03,web,2,0.954,
2025-09-29 16:25:03,web,2,0.968,
2025-09-29 16:25:03,web,2,0.969,
2025-09-29 16:25:03,web,2,0.998,
2025-09-29 16:25:04,web,2,1.000,
2025-09-29 16:25:04,web,2,0.922,
2025-09-29 16:25:04,web,2,0.961,
2025-09-29 16:25:04,web,2,0.844,
2025-09-29 16:25:04,web,2,1.000,
2025-09-29 16:25:05,web,2,0.915,
2025-09-29 16:25:05,web,2,0.921,
2025-09-29 16:25:05,web,2,1.000,
2025-09-29 16:25:05,web,2,0.993,
2025-09-29 16:25:06,web,2,0.908,
2025-09-29 16:25:06,web,2,1.000,
2025-09-29 16:25:06,web,2,0.872,
2025-09-29 16:25:06,web,2,0.823,
2025-09-29 16:25:07,web,2,0.633,
2025-09-29 16:25:07,web,3,0.668,
2025-09-29 16:25:07,web,3,0.490,
2025-09-29 16:25:07,web,2,0.876,
2025-09-29 16:25:08,web,1,0.618,
2025-09-29 16:25:08,web,1,0.381,
2025-09-29 16:25:08,web,1,0.712,
2025-09-29 16:25:08,web,1,0.643,
2025-09-29 16:25:08,web,1,0.368,
2025-09-29 16:25:09,web,1,0.689,
2025-09-29 16:25:09,web,1,0.888,
2025-09-29 16:25:09,web,2,0.977,
2025-09-29 16:25:09,web,2,0.882,
2025-09-29 16:25:10,web,2,1.000,
2025-09-29 16:25:10,web,2,1.000,
2025-09-29 16:25:10,web,2,0.874,
2025-09-29 16:25:10,web,2,0.966,
2025-09-29 16:25:11,web,2,1.000,
2025-09-29 16:25:11,web,2,0.962,
2025-09-29 16:25:11,web,2,0.813,
2025-09-29 16:25:11,web,2,0.852,
2025-09-29 16:25:12,web,2,0.983,
2025-09-29 16:25:12,web,2,1.000,
2025-09-29 16:25:12,web,2,1.000,
2025-09-29 16:25:12,web,1,0.804,
2025-09-29 16:25:12,web,1,0.489,
2025-09-29 16:25:13,web,1,0.505,
2025-09-29 16:25:13,web,1,0.857,
2025-09-29 16:25:13,web,1,0.854,
2025-09-29 16:25:13,web,2,0.854,
2025-09-29 16:25:14,web,2,0.853,
2025-09-29 16:25:14,web,2,1.000,
2025-09-29 16:25:14,web,1,1.000,
2025-09-29 16:25:14,web,1,1.000,
2025-09-29 16:25:15,web,1,1.000,
2025-09-29 16:25:15,web,1,1.000,
2025-09-29 16:25:15,web,1,1.000,
2025-09-29 16:25:15,web,1,0.855,
2025-09-29 16:25:16,web,2,0.734,
2025-09-29 16:25:16,web,2,0.699,
2025-09-29 16:25:16,web,3,0.838,
2025-09-29 16:25:16,web,3,0.737,
2025-09-29 16:25:16,web,2,0.912,
2025-09-29 16:25:17,web,2,0.908,
2025-09-29 16:25:17,web,2,0.926,
2025-09-29 16:25:17,web,2,0.898,
2025-09-29 16:25:17,web,2,0.995,
2025-09-29 16:25:18,web,2,0.921,
2025-09-29 16:25:18,web,1,0.818,
2025-09-29 16:25:18,web,2,0.977,
2025-09-29 16:25:18,web,2,1.000,
2025-09-29 16:25:19,web,2,1.000,
2025-09-29 16:25:19,web,2,1.000,
2025-09-29 16:25:19,web,2,1.000,
2025-09-29 16:25:19,web,2,0.979,
2025-09-29 16:25:20,web,2,0.854,
2025-09-29 16:25:20,web,2,0.979,
2025-09-29 16:25:20,web,2,1.000,
2025-09-29 16:25:20,web,2,0.966,
2025-09-29 16:25:21,web,2,1.000,
2025-09-29 16:25:21,web,2,0.898,
2025-09-29 16:25:21,web,2,0.573,
2025-09-29 16:25:21,web,2,0.723,
2025-09-29 16:25:21,web,2,0.853,
2025-09-29 16:25:22,web,2,0.793,
2025-09-29 16:25:22,web,2,0.708,
2025-09-29 16:25:22,web,2,0.569,
2025-09-29 16:25:22,web,2,0.575,
2025-09-29 16:25:23,web,2,0.691,
2025-09-29 16:25:23,web,2,0.690,
2025-09-29 16:25:23,web,2,0.811,
2025-09-29 16:25:23,web,2,0.821,
2025-09-29 16:25:24,web,2,0.872,
2025-09-29 16:25:24,web,2,0.917,
2025-09-29 16:25:24,web,2,0.979,
2025-09-29 16:25:24,web,2,0.816,
2025-09-29 16:25:25,web,2,0.912,
2025-09-29 16:25:25,web,2,0.843,
2025-09-29 16:25:25,web,2,0.830,
2025-09-29 16:25:25,web,2,0.841,
2025-09-29 16:25:25,web,2,0.864,
2025-09-29 16:25:26,web,2,0.927,
2025-09-29 16:25:26,web,3,0.821,
2025-09-29 16:25:26,web,3,0.846,
2025-09-29 16:25:26,web,3,0.893,
2025-09-29 16:25:27,web,2,1.000,
2025-09-29 16:25:27,web,2,0.947,
2025-09-29 16:25:27,web,2,0.947,
2025-09-29 16:25:27,web,2,0.940,
2025-09-29 16:25:28,web,2,0.963,
2025-09-29 16:25:28,web,2,0.935,
2025-09-29 16:25:28,web,2,0.830,
2025-09-29 16:25:28,web,2,1.000,
2025-09-29 16:25:29,web,2,0.988,
2025-09-29 16:25:29,web,2,1.000,
2025-09-29 16:25:29,web,2,1.000,
2025-09-29 16:25:29,web,2,0.987,
2025-09-29 16:25:30,web,2,0.939,
2025-09-29 16:25:30,web,2,0.974,
2025-09-29 16:25:30,web,2,0.936,
2025-09-29 16:25:30,web,2,0.970,
2025-09-29 16:25:30,web,2,0.964,
2025-09-29 16:25:31,web,2,0.940,
2025-09-29 16:25:31,web,2,0.893,
2025-09-29 16:25:31,web,2,0.935,
2025-09-29 16:25:31,web,2,0.802,
2025-09-29 16:25:32,web,2,0.951,
2025-09-29 16:25:32,web,2,0.920,
2025-09-29 16:25:32,web,2,0.831,
2025-09-29 16:25:32,web,2,0.930,
2025-09-29 16:25:33,web,2,0.902,
2025-09-29 16:25:33,web,2,0.918,
2025-09-29 16:25:33,web,2,0.993,
2025-09-29 16:25:33,web,2,0.981,
2025-09-29 16:25:34,web,2,1.000,
2025-09-29 16:25:34,web,2,1.000,
2025-09-29 16:25:34,web,2,0.952,
2025-09-29 16:25:34,web,2,0.968,
2025-09-29 16:25:34,web,2,0.989,
2025-09-29 16:25:35,web,2,0.880,
2025-09-29 16:25:35,web,2,1.000,
2025-09-29 16:25:35,web,2,0.950,
2025-09-29 16:25:35,web,2,0.988,
2025-09-29 16:25:36,web,2,1.000,
2025-09-29 16:25:36,web,2,0.980,
2025-09-29 16:25:36,web,2,0.941,
2025-09-29 16:25:36,web,2,0.953,
2025-09-29 16:25:36,web,2,0.990,
2025-09-29 16:25:37,web,2,0.701,
2025-09-29 16:25:37,web,2,0.742,
2025-09-29 16:25:37,web,2,0.866,
2025-09-29 16:25:37,web,2,0.743,
2025-09-29 16:25:38,web,3,0.716,
2025-09-29 16:25:38,web,3,0.623,
2025-09-29 16:25:38,web,2,0.612,
2025-09-29 16:25:38,web,2,0.765,
2025-09-29 16:25:39,web,2,0.849,
2025-09-29 16:25:39,web,2,0.896,
2025-09-29 16:25:39,web,2,1.000,
2025-09-29 16:25:39,web,2,0.998,
2025-09-29 16:25:40,web,2,0.988,
2025-09-29 16:25:40,web,2,0.964,
2025-09-29 16:25:40,web,2,1.000,
2025-09-29 16:25:40,web,3,0.809,
2025-09-29 16:25:40,web,2,0.991,
2025-09-29 16:25:41,web,2,1.000,
2025-09-29 16:25:41,web,2,0.871,
2025-09-29 16:25:41,web,2,0.885,
2025-09-29 16:25:41,web,2,0.908,
2025-09-29 16:25:42,web,2,0.904,
2025-09-29 16:25:42,web,2,0.899,
2025-09-29 16:25:42,web,3,0.753,
2025-09-29 16:25:42,web,2,1.000,
2025-09-29 16:25:43,web,3,1.000,
2025-09-29 16:25:43,web,3,0.961,
2025-09-29 16:25:43,web,3,0.953,
2025-09-29 16:25:43,web,3,0.959,
2025-09-29 16:25:44,web,3,0.995,
2025-09-29 16:25:44,web,3,0.841,
2025-09-29 16:25:44,web,3,0.921,
2025-09-29 16:25:44,web,3,1.000,
2025-09-29 16:25:44,web,3,1.000,
2025-09-29 16:25:45,web,3,0.984,
2025-09-29 16:25:45,web,3,0.957,
2025-09-29 16:25:45,web,3,0.997,
2025-09-29 16:25:45,web,3,1.000,
2025-09-29 16:25:46,web,3,1.000,
2025-09-29 16:25:46,web,3,1.000,
2025-09-29 16:25:46,web,3,1.000,
2025-09-29 16:25:46,web,3,0.965,
2025-09-29 16:25:47,web,3,0.916,
2025-09-29 16:25:47,web,3,0.927,
2025-09-29 16:25:47,web,3,0.929,
2025-09-29 16:25:47,web,3,0.874,
2025-09-29 16:25:48,web,3,0.875,
2025-09-29 16:25:48,web,3,0.913,
2025-09-29 16:25:48,web,3,0.858,
2025-09-29 16:25:48,web,3,0.812,
2025-09-29 16:25:49,web,3,0.862,
2025-09-29 16:25:49,web,3,0.779,
2025-09-29 16:25:49,web,3,0.865,
2025-09-29 16:25:49,web,3,0.890,
2025-09-29 16:25:49,web,3,0.890,
2025-09-29 16:25:50,web,2,0.798,
2025-09-29 16:25:50,web,1,0.621,
2025-09-29 16:25:50,web,1,0.665,
2025-09-29 16:25:50,web,1,0.733,
2025-09-29 16:25:51,web,1,0.659,
2025-09-29 16:25:51,web,1,0.659,
2025-09-29 16:25:51,web,1,0.739,
2025-09-29 16:25:51,web,1,0.808,
2025-09-29 16:25:52,web,1,0.637,
2025-09-29 16:25:52,web,1,0.693,
2025-09-29 16:25:52,web,2,0.927,
2025-09-29 16:25:52,web,2,0.761,
2025-09-29 16:25:52,web,2,0.897,
2025-09-29 16:25:53,web,3,1.000,
2025-09-29 16:25:53,web,3,0.906,
2025-09-29 16:25:53,web,3,0.980,
2025-09-29 16:25:53,web,3,0.970,
2025-09-29 16:25:54,web,3,0.925,
2025-09-29 16:25:54,web,3,0.970,
2025-09-29 16:25:54,web,3,0.950,
2025-09-29 16:25:54,web,3,0.836,
2025-09-29 16:25:55,web,3,0.849,
2025-09-29 16:25:55,web,3,0.902,
2025-09-29 16:25:55,web,3,0.940,
2025-09-29 16:25:55,web,3,0.916,
2025-09-29 16:25:56,web,3,0.883,
2025-09-29 16:25:56,web,3,0.776,
2025-09-29 16:25:56,web,3,0.875,
2025-09-29 16:25:56,web,3,0.936,
2025-09-29 16:25:57,web,3,0.827,
2025-09-29 16:25:57,web,3,0.824,
2025-09-29 16:25:57,web,3,0.816,
2025-09-29 16:25:57,web,3,0.766,
2025-09-29 16:25:58,web,3,0.807,
2025-09-29 16:25:58,web,3,0.867,
2025-09-29 16:25:58,web,3,0.851,
2025-09-29 16:25:58,web,3,0.816,
2025-09-29 16:25:59,web,3,0.833,
2025-09-29 16:25:59,web,3,0.824,
2025-09-29 16:25:59,web,3,0.809,
2025-09-29 16:25:59,web,3,0.797,
2025-09-29 16:26:00,web,3,0.815,
2025-09-29 16:26:00,web,3,0.885,
2025-09-29 16:26:00,web,3,0.739,
2025-09-29 16:26:00,web,2,0.946,
2025-09-29 16:26:01,web,2,0.995,
2025-09-29 16:26:01,web,2,0.905,
2025-09-29 16:26:01,web,2,0.808,
2025-09-29 16:26:02,web,2,0.740,
2025-09-29 16:26:02,web,2,0.689,
2025-09-29 16:26:02,web,2,0.700,
2025-09-29 16:26:02,web,2,0.633,
2025-09-29 16:26:03,web,3,0.554,
2025-09-29 16:26:03,web,3,0.726,
2025-09-29 16:26:03,web,3,0.811,
2025-09-29 16:26:03,web,2,0.896,
2025-09-29 16:26:03,web,2,0.971,
2025-09-29 16:26:04,web,2,1.000,
2025-09-29 16:26:04,web,2,1.000,
2025-09-29 16:26:04,web,2,0.892,
2025-09-29 16:26:04,web,2,0.850,
2025-09-29 16:26:05,web,2,0.797,
2025-09-29 16:26:05,web,2,0.820,
2025-09-29 16:26:05,web,2,0.798,
2025-09-29 16:26:05,web,2,0.880,
2025-09-29 16:26:06,web,2,0.855,
2025-09-29 16:26:06,web,2,0.883,
2025-09-29 16:26:06,web,2,0.890,
2025-09-29 16:26:06,web,2,0.930,
2025-09-29 16:26:07,web,2,0.956,
2025-09-29 16:26:07,web,1,0.842,
2025-09-29 16:26:07,web,2,0.914,
2025-09-29 16:26:07,web,2,0.936,
2025-09-29 16:26:07,web,2,0.866,
2025-09-29 16:26:08,web,2,0.799,
2025-09-29 16:26:08,web,2,0.972,
2025-09-29 16:26:08,web,1,1.000,
2025-09-29 16:26:08,web,1,1.000,
2025-09-29 16:26:09,web,1,0.973,
2025-09-29 16:26:09,web,1,0.785,
2025-09-29 16:26:09,web,1,0.909,
2025-09-29 16:26:09,web,1,0.879,
2025-09-29 16:26:10,web,2,0.875,
2025-09-29 16:26:10,web,2,0.846,
2025-09-29 16:26:10,web,2,0.774,
2025-09-29 16:26:10,web,2,0.869,
2025-09-29 16:26:11,web,2,0.883,
2025-09-29 16:26:11,web,2,0.866,
2025-09-29 16:26:11,web,2,0.936,
2025-09-29 16:26:11,web,2,0.822,
2025-09-29 16:26:12,web,2,0.856,
2025-09-29 16:26:12,web,2,0.835,
2025-09-29 16:26:12,web,3,0.908,
2025-09-29 16:26:12,web,3,0.831,
2025-09-29 16:26:13,web,3,0.714,
2025-09-29 16:26:13,web,3,0.604,
2025-09-29 16:26:13,web,3,0.728,
2025-09-29 16:26:13,web,2,0.572,
2025-09-29 16:26:13,web,3,0.721,
2025-09-29 16:26:14,web,3,0.563,
2025-09-29 16:26:14,web,3,0.579,
2025-09-29 16:26:14,web,3,0.502,
2025-09-29 16:26:15,web,3,0.435,
2025-09-29 16:26:15,web,2,0.505,
2025-09-29 16:26:15,web,2,0.522,
2025-09-29 16:26:15,web,2,0.654,
2025-09-29 16:26:16,web,3,0.590,
2025-09-29 16:26:16,web,3,0.656,
2025-09-29 16:26:16,web,3,0.835,
2025-09-29 16:26:16,web,3,0.756,
2025-09-29 16:26:17,web,3,0.825,
2025-09-29 16:26:17,web,3,0.800,
2025-09-29 16:27:05,web,3,0.715,
2025-09-29 16:27:05,web,3,0.615,
2025-09-29 16:27:05,web,3,0.678,
2025-09-29 16:27:05,web,3,0.699,
2025-09-29 16:27:06,web,3,0.592,
2025-09-29 16:27:06,web,2,0.520,
2025-09-29 16:27:06,web,2,0.483,
2025-09-29 16:27:06,web,2,0.508,
2025-09-29 16:27:07,web,2,0.576,
2025-09-29 16:27:07,web,2,0.621,
2025-09-29 16:27:07,web,2,0.514,
2025-09-29 16:27:07,web,2,0.582,
2025-09-29 16:27:08,web,3,0.650,
2025-09-29 16:27:08,web,3,0.680,
2025-09-29 16:27:08,web,3,0.604,
2025-09-29 16:27:08,web,3,0.741,
2025-09-29 16:27:09,web,3,0.695,
2025-09-29 16:27:09,web,3,0.722,
2025-09-29 16:27:09,web,3,0.775,
2025-09-29 16:27:09,web,3,0.793,
2025-09-29 16:27:10,web,3,0.732,
2025-09-29 16:27:10,web,3,0.776,
2025-09-29 16:27:10,web,3,0.684,
2025-09-29 16:27:10,web,3,0.826,
2025-09-29 16:27:11,web,3,0.730,
2025-09-29 16:27:11,web,3,0.734,
2025-09-29 16:27:11,web,2,0.691,
2025-09-29 16:27:11,web,3,0.873,
2025-09-29 16:27:12,web,2,0.844,
2025-09-29 16:27:12,web,2,0.928,
2025-09-29 16:27:12,web,2,0.992,
2025-09-29 16:27:12,web,2,0.695,
2025-09-29 16:27:13,web,2,0.508,
2025-09-29 16:27:13,web,2,0.556,
2025-09-29 16:27:13,web,2,0.573,
2025-09-29 16:27:13,web,2,0.522,
2025-09-29 16:27:14,web,2,0.472,
2025-09-29 16:27:14,web,2,0.522,
2025-09-29 16:27:14,web,2,0.527,
2025-09-29 16:27:14,web,2,0.578,
2025-09-29 16:27:15,web,2,0.615,
2025-09-29 16:27:15,web,2,0.599,
2025-09-29 16:27:15,web,2,0.643,
2025-09-29 16:27:16,web,2,0.600,
2025-09-29 16:27:16,web,2,0.582,
2025-09-29 16:27:16,web,2,0.493,
2025-09-29 16:27:17,web,2,0.719,
2025-09-29 16:35:30,web,1,0.799,
2025-09-29 16:35:35,web,2,0.850,
2025-09-29 16:35:37,web,0,0.000,
2025-09-29 16:35:39,web,3,1.000,
2025-09-29 16:35:41,web,2,1.000,
2025-09-29 16:35:43,web,2,1.000,
2025-09-29 16:35:46,web,4,0.993,
2025-09-29 16:35:48,web,3,0.931,
2025-09-29 16:35:51,web,1,1.000,
2025-09-29 16:35:52,web,2,0.802,
2025-09-29 16:35:54,web,1,0.926,
2025-09-29 16:35:56,web,2,0.858,
2025-09-29 16:36:00,web,2,0.927,
2025-09-29 16:36:01,web,4,0.957,
2025-09-29 16:36:03,web,3,0.989,
2025-09-29 16:36:06,web,1,1.000,
2025-09-29 16:36:07,web,2,0.956,
2025-09-29 16:36:09,web,3,0.811,
2025-09-29 16:36:10,web,3,1.000,
2025-09-29 16:36:12,web,4,0.933,
2025-09-29 16:36:13,web,4,0.938,
2025-09-29 16:36:16,web,4,1.000,
2025-09-29 16:36:17,web,3,0.982,
2025-09-29 16:36:19,web,4,1.000,
2025-09-29 16:36:20,web,3,0.824,
2025-09-29 16:36:21,web,4,0.948,
2025-09-29 16:36:22,web,4,0.974,
2025-09-29 16:36:23,web,4,0.799,
2025-09-29 16:36:25,web,3,0.872,
2025-09-29 16:36:26,web,3,0.742,
2025-09-29 16:36:27,web,3,0.607,
2025-09-29 16:36:28,web,3,0.825,
2025-09-29 16:36:29,web,3,0.784,
2025-09-29 16:36:31,web,2,0.881,
2025-09-29 16:36:32,web,2,0.877,
2025-09-29 16:36:33,web,2,0.924,
2025-09-29 16:36:34,web,4,0.459,
2025-09-29 16:36:35,web,2,0.704,
2025-09-29 16:36:35,web,2,1.000,
2025-09-29 16:36:36,web,2,1.000,
2025-09-29 16:36:37,web,1,0.354,
2025-09-29 16:36:38,web,1,0.608,
2025-09-29 16:36:39,web,1,0.700,
2025-09-29 16:36:40,web,1,0.624,
2025-09-29 16:36:41,web,1,0.374,
2025-09-29 16:36:41,web,1,0.554,
2025-09-29 16:36:42,web,1,0.573,
2025-09-29 16:36:43,web,1,0.590,
2025-09-29 16:36:44,web,1,0.360,
2025-09-29 16:36:45,web,1,0.929,
2025-09-29 16:36:45,web,2,0.779,
2025-09-29 16:36:46,web,2,0.755,
2025-09-29 16:36:47,web,2,0.782,
2025-09-29 16:36:48,web,1,0.574,
2025-09-29 16:36:49,web,1,0.607,
2025-09-29 16:36:49,web,2,0.794,
2025-09-29 16:36:50,web,2,0.778,
2025-09-29 16:36:51,web,2,0.611,
2025-09-29 16:36:52,web,2,0.518,
2025-09-29 16:36:53,web,2,0.625,
2025-09-29 16:36:54,web,2,0.664,
2025-09-29 16:36:55,web,2,0.703,
2025-09-29 16:36:55,web,2,0.660,
2025-09-29 16:36:56,web,2,0.657,
2025-09-29 16:36:57,web,2,0.805,
2025-09-29 16:36:58,web,2,0.634,
2025-09-29 16:36:59,web,2,0.605,
2025-09-29 16:37:00,web,2,0.763,
2025-09-29 16:37:00,web,2,0.769,
2025-09-29 16:37:01,web,2,0.663,
2025-09-29 16:37:02,web,2,0.664,
2025-09-29 16:37:03,web,2,0.723,
2025-09-29 16:37:03,web,2,0.726,
2025-09-29 16:37:04,web,2,0.735,
2025-09-29 16:37:05,web,2,0.740,
2025-09-29 16:37:06,web,2,0.741,
2025-09-29 16:37:06,web,2,0.873,
2025-09-29 16:37:07,web,2,0.909,
2025-09-29 16:37:08,web,2,0.958,
2025-09-29 16:37:09,web,2,0.915,
2025-09-29 16:37:10,web,2,0.830,
2025-09-29 16:37:11,web,2,0.894,
2025-09-29 16:37:12,web,2,0.871,
2025-09-29 16:37:12,web,2,0.670,
2025-09-29 16:37:13,web,2,0.896,
2025-09-29 16:37:14,web,2,1.000,
2025-09-29 16:37:14,web,2,1.000,
2025-09-29 16:37:15,web,2,1.000,
2025-09-29 16:37:16,web,2,0.758,
2025-09-29 16:37:17,web,2,0.911,
2025-09-29 16:37:17,web,2,0.866,
2025-09-29 16:37:18,web,2,0.861,
2025-09-29 16:37:19,web,2,0.840,
2025-09-29 16:37:19,web,2,0.869,
2025-09-29 16:37:20,web,2,0.816,
2025-09-29 16:37:21,web,2,0.831,
2025-09-29 16:37:22,web,2,0.878,
2025-09-29 16:37:22,web,2,0.756,
2025-09-29 16:37:23,web,2,0.910,
2025-09-29 16:37:24,web,2,0.950,
2025-09-29 16:37:24,web,2,0.858,
2025-09-29 16:37:25,web,2,0.987,
2025-09-29 16:37:26,web,2,0.873,
2025-09-29 16:37:27,web,2,0.890,
2025-09-29 16:37:28,web,2,0.938,
2025-09-29 16:37:28,web,2,0.823,
2025-09-29 16:37:29,web,2,0.810,
2025-09-29 16:37:30,web,2,0.600,
2025-09-29 16:37:30,web,2,0.656,
2025-09-29 16:37:31,web,2,0.730,
2025-09-29 16:37:32,web,2,0.736,
2025-09-29 16:37:33,web,2,0.847,
2025-09-29 16:37:33,web,2,0.839,
2025-09-29 16:37:34,web,2,0.691,
2025-09-29 16:37:35,web,2,0.660,
2025-09-29 16:37:35,web,2,0.618,
2025-09-29 16:37:36,web,2,0.608,
2025-09-29 16:37:37,web,2,0.692,
2025-09-29 16:37:38,web,2,0.636,
2025-09-29 16:37:38,web,2,0.674,
2025-09-29 16:37:39,web,2,0.596,
2025-09-29 16:37:40,web,3,0.907,
2025-09-29 16:37:40,web,2,0.719,
2025-09-29 16:37:41,web,2,0.725,
2025-09-29 16:37:42,web,2,0.846,
2025-09-29 16:37:43,web,2,0.855,
2025-09-29 16:37:43,web,3,0.901,
2025-09-29 16:37:44,web,3,0.853,
2025-09-29 16:37:45,web,3,0.889,
2025-09-29 16:37:46,web,3,0.829,
2025-09-29 16:37:46,web,3,0.933,
2025-09-29 16:37:47,web,2,0.753,
2025-09-29 16:37:48,web,2,0.892,
2025-09-29 16:37:48,web,2,0.862,
2025-09-29 16:37:49,web,3,0.544,
2025-09-29 16:37:50,web,2,0.719,
2025-09-29 16:37:50,web,2,0.609,
2025-09-29 16:37:51,web,2,0.662,
2025-09-29 16:37:52,web,2,0.581,
2025-09-29 16:37:52,web,2,0.616,
2025-09-29 16:37:53,web,2,0.592,
2025-09-29 16:37:54,web,2,0.621,
2025-09-29 16:37:55,web,2,0.630,
2025-09-29 16:37:55,web,2,0.750,
2025-09-29 16:37:56,web,2,0.700,
2025-09-29 16:37:57,web,2,0.634,
2025-09-29 16:37:57,web,2,0.739,
2025-09-29 16:37:58,web,2,0.956,
2025-09-29 16:37:59,web,2,0.999,
2025-09-29 16:37:59,web,2,0.994,
2025-09-29 16:38:00,web,2,0.936,
2025-09-29 16:38:01,web,2,0.875,
2025-09-29 16:38:01,web,2,0.890,
2025-09-29 16:38:02,web,2,0.833,
2025-09-29 16:38:03,web,2,0.866,
2025-09-29 16:38:03,web,2,0.948,
2025-09-29 16:38:04,web,2,0.766,
2025-09-29 16:38:05,web,2,0.837,
2025-09-29 16:38:05,web,2,0.805,
2025-09-29 16:38:06,web,2,0.854,
2025-09-29 16:38:07,web,2,0.788,
2025-09-29 16:38:07,web,2,0.790,
2025-09-29 16:38:08,web,2,0.793,
2025-09-29 16:38:09,web,2,0.768,
2025-09-29 16:38:09,web,2,0.708,
2025-09-29 16:38:10,web,1,0.912,
2025-09-29 16:38:11,web,1,0.951,
2025-09-29 16:38:12,web,1,0.849,
2025-09-29 16:38:12,web,1,0.633,
2025-09-29 16:38:13,web,1,1.000,
2025-09-29 16:38:14,web,1,0.924,
2025-09-29 16:38:15,web,1,0.806,
2025-09-29 16:38:15,web,1,0.755,
2025-09-29 16:38:16,web,1,0.804,
2025-09-29 16:38:17,web,1,0.995,
2025-09-29 16:38:18,web,1,0.957,
2025-09-29 16:38:18,web,1,0.766,
2025-09-29 16:38:19,web,1,0.930,
2025-09-29 16:38:20,web,1,1.000,
2025-09-29 16:38:20,web,1,0.959,
2025-09-29 16:38:21,web,1,0.770,
2025-09-29 16:38:22,web,1,0.976,
2025-09-29 16:38:23,web,1,0.675,
2025-09-29 16:38:23,web,2,0.679,
2025-09-29 16:38:24,web,1,0.951,
2025-09-29 16:38:25,web,1,0.922,
2025-09-29 16:38:26,web,1,0.833,
2025-09-29 16:38:26,web,1,0.637,
2025-09-29 16:38:27,web,1,0.604,
2025-09-29 16:38:28,web,1,0.641,
2025-09-29 16:38:28,web,1,0.714,
2025-09-29 16:38:29,web,1,1.000,
2025-09-29 16:38:30,web,1,0.908,
2025-09-29 16:38:30,web,1,0.673,
2025-09-29 16:38:31,web,1,0.843,
2025-09-29 16:38:32,web,1,0.819,
2025-09-29 16:38:33,web,1,0.876,
2025-09-29 16:38:33,web,1,0.795,
2025-09-29 16:38:34,web,3,0.621,
2025-09-29 16:38:35,web,1,0.912,
2025-09-29 16:38:35,web,1,0.646,
2025-09-29 16:38:36,web,1,0.385,
2025-09-29 16:38:37,web,1,0.451,
2025-09-29 16:38:38,web,2,0.583,
2025-09-29 16:38:38,web,2,0.728,
2025-09-29 16:38:39,web,2,0.577,
2025-09-29 16:38:40,web,2,0.634,
2025-09-29 16:38:40,web,2,0.728,
2025-09-29 16:38:41,web,2,0.720,
2025-09-29 16:38:42,web,2,0.752,
2025-09-29 16:38:42,web,2,0.733,
2025-09-29 16:38:43,web,2,0.697,
2025-09-29 16:38:44,web,2,0.703,
2025-09-29 16:38:45,web,2,0.850,
2025-09-29 16:38:45,web,2,0.838,
2025-09-29 16:38:46,web,2,0.792,
2025-09-29 16:38:47,web,2,0.833,
2025-09-29 16:38:47,web,2,0.834,
2025-09-29 16:38:48,web,2,0.858,
2025-09-29 16:38:49,web,2,0.878,
2025-09-29 16:38:49,web,2,0.770,
2025-09-29 16:38:50,web,2,0.755,
2025-09-29 16:38:51,web,2,0.540,
2025-09-29 16:38:51,web,2,0.738,
2025-09-29 16:38:52,web,2,0.750,
2025-09-29 16:38:53,web,2,0.769,
2025-09-29 16:38:54,web,2,0.744,
2025-09-29 16:38:54,web,2,0.662,
2025-09-29 16:38:55,web,2,0.742,
2025-09-29 16:38:56,web,2,0.823,
2025-09-29 16:38:56,web,2,0.830,
2025-09-29 16:38:57,web,2,0.751,
2025-09-29 16:38:58,web,2,0.826,
2025-09-29 16:38:58,web,2,0.811,
2025-09-29 16:38:59,web,2,0.839,
2025-09-29 16:39:00,web,2,1.000,
2025-09-29 16:39:01,web,1,1.000,
2025-09-29 16:39:01,web,1,0.553,
2025-09-29 16:39:02,web,1,0.874,
2025-09-29 16:39:03,web,1,1.000,
2025-09-29 16:39:03,web,1,1.000,
2025-09-29 16:39:04,web,1,1.000,
2025-09-29 16:39:05,web,1,1.000,
2025-09-29 16:39:05,web,1,0.687,
2025-09-29 16:39:06,web,1,0.673,
2025-09-29 16:39:07,web,1,0.679,
2025-09-29 16:39:07,web,1,0.538,
2025-09-29 16:39:08,web,1,0.504,
2025-09-29 16:39:09,web,1,0.495,
2025-09-29 16:39:10,web,1,0.767,
2025-09-29 16:39:10,web,1,0.699,
2025-09-29 16:39:11,web,1,0.905,
2025-09-29 16:39:12,web,1,0.738,
2025-09-29 16:39:12,web,1,0.810,
2025-09-29 16:39:13,web,1,0.759,
2025-09-29 16:39:14,web,1,0.777,
2025-09-29 16:39:14,web,1,0.659,
2025-09-29 16:39:15,web,1,0.616,
2025-09-29 16:39:16,web,1,1.000,
2025-09-29 16:39:17,web,1,0.608,
2025-09-29 16:39:17,web,1,0.970,
2025-09-29 16:39:18,web,1,0.978,
2025-09-29 16:39:19,web,1,0.890,
2025-09-29 16:39:19,web,1,1.000,
2025-09-29 16:39:20,web,1,0.637,
2025-09-29 16:39:21,web,1,0.757,
2025-09-29 16:39:22,web,1,0.561,
2025-09-29 16:39:22,web,1,0.745,
2025-09-29 16:39:23,web,1,0.748,
2025-09-29 16:39:24,web,1,0.817,
2025-09-29 16:39:24,web,1,0.856,
2025-09-29 16:39:25,web,1,0.995,
2025-09-29 16:39:26,web,1,0.921,
2025-09-29 16:39:26,web,1,1.000,
2025-09-29 16:39:27,web,1,1.000,
2025-09-29 16:39:28,web,2,0.831,
2025-09-29 16:39:28,web,1,0.942,
2025-09-29 16:39:29,web,1,0.803,
2025-09-29 16:39:30,web,1,1.000,
2025-09-29 16:39:31,web,1,1.000,
2025-09-29 16:39:31,web,2,1.000,
2025-09-29 16:39:32,web,2,0.963,
2025-09-29 16:39:33,web,2,1.000,
2025-09-29 16:39:34,web,2,0.963,
2025-09-29 16:39:34,web,2,0.697,
2025-09-29 16:39:35,web,2,0.941,
2025-09-29 16:39:36,web,2,0.925,
2025-09-29 16:39:36,web,2,0.862,
2025-09-29 16:39:37,web,2,0.711,
2025-09-29 16:39:38,web,2,0.782,
2025-09-29 16:39:39,web,2,0.466,
2025-09-29 16:39:40,web,1,0.936,
2025-09-29 16:39:40,web,1,0.921,
2025-09-29 16:39:41,web,2,0.453,
2025-09-29 16:39:42,web,2,0.290,
2025-09-29 16:39:42,web,2,0.907,
2025-09-29 16:39:43,web,2,0.824,
2025-09-29 16:39:44,web,2,0.874,
2025-09-29 16:39:45,web,2,1.000,
2025-09-29 16:39:45,web,2,0.844,
2025-09-29 16:39:46,web,2,0.903,
2025-09-29 16:39:47,web,2,0.926,
2025-09-29 16:39:48,web,2,0.915,
2025-09-29 16:39:48,web,2,0.887,
2025-09-29 16:39:49,web,2,0.711,
2025-09-29 16:39:50,web,2,0.832,
2025-09-29 16:39:51,web,2,0.927,
2025-09-29 16:39:51,web,2,0.939,
2025-09-29 16:39:52,web,2,0.913,
2025-09-29 16:39:53,web,2,0.931,
2025-09-29 16:39:53,web,2,0.894,
2025-09-29 16:39:54,web,2,1.000,
2025-09-29 16:39:55,web,2,1.000,
2025-09-29 16:39:56,web,2,0.973,
2025-09-29 16:39:56,web,2,0.814,
2025-09-29 16:39:57,web,2,0.734,
2025-09-29 16:39:58,web,3,0.682,
2025-09-29 16:39:58,web,2,0.752,
2025-09-29 16:39:59,web,2,0.851,
2025-09-29 16:40:00,web,2,0.747,
2025-09-29 16:40:01,web,2,0.831,
2025-09-29 16:40:01,web,2,0.734,
2025-09-29 16:40:02,web,2,0.830,
2025-09-29 16:40:03,web,2,0.851,
2025-09-29 16:40:03,web,2,1.000,
2025-09-29 16:40:04,web,2,1.000,
2025-09-29 16:40:05,web,2,1.000,
2025-09-29 16:40:06,web,2,1.000,
2025-09-29 16:40:07,web,2,1.000,
2025-09-29 16:40:07,web,2,1.000,
2025-09-29 16:40:08,web,2,1.000,
2025-09-29 16:40:09,web,2,1.000,
2025-09-29 16:40:10,web,2,1.000,
2025-09-29 16:40:10,web,2,0.861,
2025-09-29 16:40:11,web,2,0.970,
2025-09-29 16:40:12,web,2,0.788,
2025-09-29 16:40:13,web,2,1.000,
2025-09-29 16:40:13,web,2,0.946,
2025-09-29 16:40:14,web,2,1.000,
2025-09-29 16:40:15,web,2,1.000,
2025-09-29 16:40:15,web,2,0.841,
2025-09-29 16:40:16,web,2,0.664,
2025-09-29 16:40:17,web,2,0.853,
2025-09-29 16:40:18,web,1,0.924,
2025-09-29 16:40:18,web,1,1.000,
2025-09-29 16:40:19,web,1,1.000,
2025-09-29 16:40:20,web,1,1.000,
2025-09-29 17:04:04,web,1,0.859,
2025-09-29 17:04:05,web,1,1.000,
2025-09-29 17:04:06,web,1,0.982,
2025-09-29 17:04:06,web,1,0.261,
2025-09-29 17:04:07,web,1,1.000,
2025-09-29 17:04:08,web,1,0.927,
2025-09-29 17:04:09,web,1,0.953,
2025-09-29 17:04:10,web,2,0.878,
2025-09-29 17:04:11,web,2,1.000,
2025-09-29 17:04:12,web,2,1.000,
2025-09-29 17:04:13,web,2,1.000,
2025-09-29 17:04:13,web,2,0.888,
2025-09-29 17:04:14,web,2,0.742,
2025-09-29 17:04:15,web,2,0.946,
2025-09-29 17:04:16,web,2,0.907,
2025-09-29 17:04:17,web,2,0.825,
2025-09-29 17:04:19,web,2,0.814,
2025-09-29 17:04:20,web,2,0.916,
2025-09-29 17:04:21,web,2,0.942,
2025-09-29 17:04:21,web,3,0.991,
2025-09-29 17:04:22,web,2,0.932,
2025-09-29 17:04:23,web,2,0.933,
2025-09-29 17:04:24,web,2,0.850,
2025-09-29 17:04:25,web,2,0.876,
2025-09-29 17:04:26,web,2,0.867,
2025-09-29 17:04:27,web,2,0.731,
2025-09-29 17:04:28,web,3,0.895,
2025-09-29 17:04:28,web,2,0.864,
2025-09-29 17:04:30,web,2,0.892,
2025-09-29 17:04:31,web,2,0.863,
2025-09-29 17:04:32,web,2,0.860,
2025-09-29 17:04:33,web,2,0.790,
2025-09-29 17:04:34,web,3,0.899,
2025-09-29 17:04:35,web,2,0.774,
2025-09-29 17:04:35,web,3,0.737,
2025-09-29 17:04:36,web,2,0.755,
2025-09-29 17:04:37,web,3,0.890,
2025-09-29 17:04:38,web,2,0.692,
2025-09-29 17:04:39,web,2,0.866,
2025-09-29 17:04:40,web,2,0.948,
2025-09-29 17:04:41,web,2,1.000,
2025-09-29 17:04:42,web,2,1.000,
2025-09-29 17:04:43,web,2,1.000,
2025-09-29 17:04:44,web,2,1.000,
2025-09-29 17:04:45,web,2,1.000,
2025-09-29 17:04:46,web,2,1.000,
2025-09-29 17:04:47,web,3,1.000,
2025-09-29 17:04:48,web,2,1.000,
2025-09-29 17:04:49,web,2,0.727,
2025-09-29 17:04:50,web,2,1.000,
2025-09-29 17:04:50,web,2,0.627,
2025-09-29 17:04:51,web,2,0.778,
2025-09-29 17:04:52,web,2,0.899,
2025-09-29 17:04:53,web,2,0.850,
2025-09-29 17:04:54,web,2,0.990,
2025-09-29 17:04:55,web,3,0.950,
2025-09-29 17:04:56,web,3,0.961,
2025-09-29 17:04:57,web,2,0.985,
2025-09-29 17:04:58,web,1,0.915,
2025-09-29 17:04:59,web,2,0.739,
2025-09-29 17:05:01,web,3,0.849,
2025-09-29 17:05:02,web,1,1.000,
2025-09-29 17:05:03,web,1,1.000,
2025-09-29 17:05:04,web,1,1.000,
2025-09-29 17:05:05,web,1,1.000,
2025-09-29 17:05:06,web,1,1.000,
2025-09-29 17:05:07,web,1,1.000,
2025-09-29 17:05:08,web,1,1.000,
2025-09-29 17:05:09,web,2,1.000,
2025-09-29 17:05:10,web,1,0.810,
2025-09-29 17:05:11,web,1,1.000,
2025-09-29 17:05:12,web,1,1.000,
2025-09-29 17:05:14,web,1,1.000,
